person,origin,micro,group,xy,shelter,injured,intention,why_survived,knowledge,executed_movement_orders,bone_chain,canon_status
P01-03,P01,,east-tools,"[-29.0047, -34.89]",,True,Leave newly compromised shelter for a nearby known refuge after local disagreement,"Outside at the terminal clock, holding at the last chosen local cover/waypoint. The Mayor's fixed death ends this primary ledger; no cleanup event is inferred.","{""catastrophe"": ""direct: opaque daylight loss"", ""blood"": ""direct: overwhelming local strike"", ""bone"": ""report: orchard warning"", ""barrier"": 1, ""barrier_reports"": [], ""specific_deaths"": [""P04-04"", ""P04-06"", ""P01-01"", ""P02-01"", ""P02-05"", ""P04-05"", ""P02-04"", ""P02-02"", ""P01-02""], ""witch"": [], ""warnings"": [{""topic"": ""bell"", ""value"": ""Public emergency only"", ""source"": ""church bell"", ""mode"": ""heard""}, {""topic"": ""cover"", ""value"": ""Shelter damaged; new opening/noise/exposure"", ""source"": ""E092"", ""mode"": ""direct""}, {""topic"": ""cover"", ""value"": ""Shelter damaged; new opening/noise/exposure"", ""source"": ""E325"", ""mode"": ""direct""}, {""topic"": ""injury"", ""value"": ""P02-01"", ""source"": ""E344"", ""mode"": ""direct""}, {""topic"": ""injury"", ""value"": ""P02-04"", ""source"": ""E344"", ""mode"": ""direct""}, {""topic"": ""injury"", ""value"": ""P02-05"", ""source"": ""E344"", ""mode"": ""direct""}, {""topic"": ""injury"", ""value"": ""P04-04"", ""source"": ""E344"", ""mode"": ""direct""}, {""topic"": ""injury"", ""value"": ""P04-06"", ""source"": ""E344"", ""mode"": ""direct""}, {""topic"": ""sound"", ""value"": ""Heavy impact and human cries nearby; exact victims unknown unless seen"", ""source"": ""E344"", ""mode"": ""heard""}, {""topic"": ""sound"", ""value"": ""Heavy impact and human cries nearby; exact victims unknown unless seen"", ""source"": ""E358"", ""mode"": ""heard""}, {""topic"": ""search"", ""value"": ""A physically connected probe reacts visibly at this shelter; new arrival or increased pressure"", ""source"": ""search-Farmstead_South"", ""mode"": ""direct""}]}","[90, 258, 312.0]",[],Failed V4 experimental outcome; not approved survivor lore.
P01-04,P01,,strip-workers,"[-29.0047, -34.89]",,True,Leave newly compromised shelter for a nearby known refuge after local disagreement,"Outside at the terminal clock, holding at the last chosen local cover/waypoint. Bone had changed this person's movement, but no later completed intended hit reached them. The Mayor's fixed death ends this primary ledger; no cleanup event is inferred.","{""catastrophe"": ""direct: opaque daylight loss"", ""blood"": ""direct: overwhelming local strike"", ""bone"": ""unknown"", ""barrier"": 1, ""barrier_reports"": [], ""specific_deaths"": [], ""witch"": [], ""warnings"": [{""topic"": ""bell"", ""value"": ""Public emergency only"", ""source"": ""church bell"", ""mode"": ""heard""}, {""topic"": ""search"", ""value"": ""Visible thin blood probing the entrance; hiding may be compromised"", ""source"": ""search-Farmstead_West"", ""mode"": ""direct""}, {""topic"": ""search"", ""value"": ""A physically connected probe reacts visibly at this shelter; new arrival or increased pressure"", ""source"": ""search-Farmstead_West"", ""mode"": ""direct""}, {""topic"": ""cover"", ""value"": ""Shelter damaged; new opening/noise/exposure"", ""source"": ""E325"", ""mode"": ""direct""}, {""topic"": ""injury"", ""value"": ""P01-04"", ""source"": ""E325"", ""mode"": ""direct""}, {""topic"": ""sound"", ""value"": ""Heavy impact and human cries nearby; exact victims unknown unless seen"", ""source"": ""E344"", ""mode"": ""heard""}, {""topic"": ""sound"", ""value"": ""Heavy impact and human cries nearby; exact victims unknown unless seen"", ""source"": ""E358"", ""mode"": ""heard""}, {""topic"": ""search"", ""value"": ""A physically connected probe reacts visibly at this shelter; new arrival or increased pressure"", ""source"": ""search-Farmstead_South"", ""mode"": ""direct""}, {""topic"": ""search"", ""value"": ""Visible thin blood probing the entrance; hiding may be compromised"", ""source"": ""search-Farmstead_South"", ""mode"": ""direct""}]}","[90, 122, 258, 348.0]","[""Bone farm cry""]",Failed V4 experimental outcome; not approved survivor lore.
P01-05,P01,,strip-workers,"[-29.0047, -34.89]",,False,Leave newly compromised shelter for a nearby known refuge after local disagreement,"Outside at the terminal clock, holding at the last chosen local cover/waypoint. Bone had changed this person's movement, but no later completed intended hit reached them. The Mayor's fixed death ends this primary ledger; no cleanup event is inferred.","{""catastrophe"": ""direct: opaque daylight loss"", ""blood"": ""direct: overwhelming local strike"", ""bone"": ""unknown"", ""barrier"": 1, ""barrier_reports"": [], ""specific_deaths"": [], ""witch"": [], ""warnings"": [{""topic"": ""bell"", ""value"": ""Public emergency only"", ""source"": ""church bell"", ""mode"": ""heard""}, {""topic"": ""search"", ""value"": ""Visible thin blood probing the entrance; hiding may be compromised"", ""source"": ""search-Farmstead_West"", ""mode"": ""direct""}, {""topic"": ""search"", ""value"": ""A physically connected probe reacts visibly at this shelter; new arrival or increased pressure"", ""source"": ""search-Farmstead_West"", ""mode"": ""direct""}, {""topic"": ""cover"", ""value"": ""Shelter damaged; new opening/noise/exposure"", ""source"": ""E325"", ""mode"": ""direct""}, {""topic"": ""injury"", ""value"": ""P01-04"", ""source"": ""E325"", ""mode"": ""direct""}, {""topic"": ""sound"", ""value"": ""Heavy impact and human cries nearby; exact victims unknown unless seen"", ""source"": ""E344"", ""mode"": ""heard""}, {""topic"": ""sound"", ""value"": ""Heavy impact and human cries nearby; exact victims unknown unless seen"", ""source"": ""E358"", ""mode"": ""heard""}, {""topic"": ""search"", ""value"": ""A physically connected probe reacts visibly at this shelter; new arrival or increased pressure"", ""source"": ""search-Farmstead_South"", ""mode"": ""direct""}, {""topic"": ""search"", ""value"": ""Visible thin blood probing the entrance; hiding may be compromised"", ""source"": ""search-Farmstead_South"", ""mode"": ""direct""}]}","[90, 122, 258, 348.0]","[""Bone farm cry""]",Failed V4 experimental outcome; not approved survivor lore.
P03-03,P03,,east-home,"[-29.0047, -34.89]",,True,Leave newly compromised shelter for a nearby known refuge after local disagreement,"Outside at the terminal clock, holding at the last chosen local cover/waypoint. The Mayor's fixed death ends this primary ledger; no cleanup event is inferred.","{""catastrophe"": ""direct: opaque daylight loss"", ""blood"": ""direct: overwhelming local strike"", ""bone"": ""report: farm warning"", ""barrier"": 1, ""barrier_reports"": [], ""specific_deaths"": [""P04-04"", ""P03-01"", ""P03-02"", ""P04-06"", ""P02-01"", ""P02-05"", ""P04-05"", ""P02-04"", ""P02-02""], ""witch"": [], ""warnings"": [{""topic"": ""bell"", ""value"": ""Public emergency only"", ""source"": ""church bell"", ""mode"": ""heard""}, {""topic"": ""search"", ""value"": ""Visible thin blood probing the entrance; hiding may be compromised"", ""source"": ""search-Farmstead_West"", ""mode"": ""direct""}, {""topic"": ""search"", ""value"": ""A physically connected probe reacts visibly at this shelter; new arrival or increased pressure"", ""source"": ""search-Farmstead_West"", ""mode"": ""direct""}, {""topic"": ""cover"", ""value"": ""Shelter damaged; new opening/noise/exposure"", ""source"": ""E325"", ""mode"": ""direct""}, {""topic"": ""injury"", ""value"": ""P02-01"", ""source"": ""E344"", ""mode"": ""direct""}, {""topic"": ""injury"", ""value"": ""P02-04"", ""source"": ""E344"", ""mode"": ""direct""}, {""topic"": ""injury"", ""value"": ""P02-05"", ""source"": ""E344"", ""mode"": ""direct""}, {""topic"": ""injury"", ""value"": ""P04-04"", ""source"": ""E344"", ""mode"": ""direct""}, {""topic"": ""injury"", ""value"": ""P04-06"", ""source"": ""E344"", ""mode"": ""direct""}, {""topic"": ""sound"", ""value"": ""Heavy impact and human cries nearby; exact victims unknown unless seen"", ""source"": ""E344"", ""mode"": ""heard""}, {""topic"": ""sound"", ""value"": ""Heavy impact and human cries nearby; exact victims unknown unless seen"", ""source"": ""E358"", ""mode"": ""heard""}, {""topic"": ""search"", ""value"": ""A physically connected probe reacts visibly at this shelter; new arrival or increased pressure"", ""source"": ""search-Farmstead_South"", ""mode"": ""direct""}]}","[238, 242, 258, 312.0]",[],Failed V4 experimental outcome; not approved survivor lore.
P03-07,P03,,east-yard,"[-29.0047, -34.89]",,True,Leave newly compromised shelter for a nearby known refuge after local disagreement,"Outside at the terminal clock, holding at the last chosen local cover/waypoint. Bone had changed this person's movement, but no later completed intended hit reached them. The Mayor's fixed death ends this primary ledger; no cleanup event is inferred.","{""catastrophe"": ""direct: opaque daylight loss"", ""blood"": ""direct: overwhelming local strike"", ""bone"": ""direct: precise local attack"", ""barrier"": 1, ""barrier_reports"": [], ""specific_deaths"": [""P04-04"", ""P03-05"", ""P04-06"", ""P03-06"", ""P03-04"", ""P02-01"", ""P02-05"", ""P04-05"", ""P02-04"", ""P02-02""], ""witch"": [], ""warnings"": [{""topic"": ""bell"", ""value"": ""Public emergency only"", ""source"": ""church bell"", ""mode"": ""heard""}, {""topic"": ""cover"", ""value"": ""Shelter damaged; new opening/noise/exposure"", ""source"": ""E092"", ""mode"": ""direct""}, {""topic"": ""search"", ""value"": ""Visible thin blood probing the entrance; hiding may be compromised"", ""source"": ""search-Farmstead_West"", ""mode"": ""direct""}, {""topic"": ""search"", ""value"": ""A physically connected probe reacts visibly at this shelter; new arrival or increased pressure"", ""source"": ""search-Farmstead_West"", ""mode"": ""direct""}, {""topic"": ""cover"", ""value"": ""Shelter damaged; new opening/noise/exposure"", ""source"": ""E325"", ""mode"": ""direct""}, {""topic"": ""injury"", ""value"": ""P02-01"", ""source"": ""E344"", ""mode"": ""direct""}, {""topic"": ""injury"", ""value"": ""P02-04"", ""source"": ""E344"", ""mode"": ""direct""}, {""topic"": ""injury"", ""value"": ""P02-05"", ""source"": ""E344"", ""mode"": ""direct""}, {""topic"": ""injury"", ""value"": ""P04-04"", ""source"": ""E344"", ""mode"": ""direct""}, {""topic"": ""injury"", ""value"": ""P04-06"", ""source"": ""E344"", ""mode"": ""direct""}, {""topic"": ""sound"", ""value"": ""Heavy impact and human cries nearby; exact victims unknown unless seen"", ""source"": ""E344"", ""mode"": ""heard""}, {""topic"": ""sound"", ""value"": ""Heavy impact and human cries nearby; exact victims unknown unless seen"", ""source"": ""E358"", ""mode"": ""heard""}, {""topic"": ""search"", ""value"": ""A physically connected probe reacts visibly at this shelter; new arrival or increased pressure"", ""source"": ""search-Farmstead_South"", ""mode"": ""direct""}]}","[90, 126, 134, 238, 242, 258, 312.0]","[""Bone barn puncture"", ""Bone farm helper attack""]",Failed V4 experimental outcome; not approved survivor lore.
P04-03,P04,,west-home,"[-29.0047, -34.89]",,True,Leave newly compromised shelter for a nearby known refuge after local disagreement,"Outside at the terminal clock, holding at the last chosen local cover/waypoint. The Mayor's fixed death ends this primary ledger; no cleanup event is inferred.","{""catastrophe"": ""direct: opaque daylight loss"", ""blood"": ""direct: overwhelming local strike"", ""bone"": ""unknown"", ""barrier"": 1, ""barrier_reports"": [], ""specific_deaths"": [""P04-02""], ""witch"": [], ""warnings"": [{""topic"": ""bell"", ""value"": ""Public emergency only"", ""source"": ""church bell"", ""mode"": ""heard""}, {""topic"": ""search"", ""value"": ""Visible thin blood probing the entrance; hiding may be compromised"", ""source"": ""search-Farmstead_South"", ""mode"": ""direct""}, {""topic"": ""search"", ""value"": ""A physically connected probe reacts visibly at this shelter; new arrival or increased pressure"", ""source"": ""search-Farmstead_South"", ""mode"": ""direct""}, {""topic"": ""cover"", ""value"": ""Shelter damaged; new opening/noise/exposure"", ""source"": ""E344"", ""mode"": ""direct""}, {""topic"": ""injury"", ""value"": ""P04-02"", ""source"": ""E344"", ""mode"": ""direct""}, {""topic"": ""injury"", ""value"": ""P04-03"", ""source"": ""E358"", ""mode"": ""direct""}, {""topic"": ""sound"", ""value"": ""Heavy impact and human cries nearby; exact victims unknown unless seen"", ""source"": ""E358"", ""mode"": ""heard""}]}",[266],[],Failed V4 experimental outcome; not approved survivor lore.
P05-06,P05,,approach-witnesses,"[-29.0047, -34.89]",,True,Leave newly compromised shelter for a nearby known refuge after local disagreement,"Outside at the terminal clock, holding at the last chosen local cover/waypoint. Bone had changed this person's movement, but no later completed intended hit reached them. The Mayor's fixed death ends this primary ledger; no cleanup event is inferred.","{""catastrophe"": ""direct: opaque daylight loss"", ""blood"": ""direct: overwhelming local strike"", ""bone"": ""direct: precise local attack"", ""barrier"": 1, ""barrier_reports"": [], ""specific_deaths"": [""P04-04"", ""P04-06"", ""P05-03"", ""P02-01"", ""P02-05"", ""P05-02"", ""P05-05"", ""P05-01"", ""P04-05"", ""P02-04"", ""P02-02"", ""P05-04""], ""witch"": [], ""warnings"": [{""topic"": ""bell"", ""value"": ""Public emergency only"", ""source"": ""church bell"", ""mode"": ""heard""}, {""topic"": ""sound"", ""value"": ""Heavy impact and human cries nearby; exact victims unknown unless seen"", ""source"": ""E069"", ""mode"": ""heard""}, {""topic"": ""cover"", ""value"": ""Shelter damaged; new opening/noise/exposure"", ""source"": ""E325"", ""mode"": ""direct""}, {""topic"": ""injury"", ""value"": ""P02-01"", ""source"": ""E344"", ""mode"": ""direct""}, {""topic"": ""injury"", ""value"": ""P02-04"", ""source"": ""E344"", ""mode"": ""direct""}, {""topic"": ""injury"", ""value"": ""P02-05"", ""source"": ""E344"", ""mode"": ""direct""}, {""topic"": ""injury"", ""value"": ""P04-04"", ""source"": ""E344"", ""mode"": ""direct""}, {""topic"": ""injury"", ""value"": ""P04-06"", ""source"": ""E344"", ""mode"": ""direct""}, {""topic"": ""sound"", ""value"": ""Heavy impact and human cries nearby; exact victims unknown unless seen"", ""source"": ""E344"", ""mode"": ""heard""}, {""topic"": ""sound"", ""value"": ""Heavy impact and human cries nearby; exact victims unknown unless seen"", ""source"": ""E358"", ""mode"": ""heard""}, {""topic"": ""search"", ""value"": ""A physically connected probe reacts visibly at this shelter; new arrival or increased pressure"", ""source"": ""search-Farmstead_South"", ""mode"": ""direct""}]}","[90, 110, 122, 258, 312.0]","[""Bone farm warning interception""]",Failed V4 experimental outcome; not approved survivor lore.
P06-01,P06,,c04-family,"[-41.2321, 38.284]",WeaverCottage,False,Leave newly compromised shelter for a nearby known refuge after local disagreement,"At WeaverCottage, structural state 0. A probe reached this shelter; detection did not itself authorize a remote attack. No lethal executed attack intersected this person's final shelter/movement after their last relocation. The remaining roof/cover and separation from Blood's body retained protection.","{""catastrophe"": ""direct: opaque daylight loss"", ""blood"": ""unknown"", ""bone"": ""direct: Parent attacked at own doorway; child needs cover"", ""barrier"": 1, ""barrier_reports"": [], ""specific_deaths"": [], ""witch"": [], ""warnings"": [{""topic"": ""bell"", ""value"": ""Public emergency only"", ""source"": ""church bell"", ""mode"": ""heard""}, {""topic"": ""search"", ""value"": ""Visible thin blood probing the entrance; hiding may be compromised"", ""source"": ""search-Cottage_04"", ""mode"": ""direct""}, {""topic"": ""search"", ""value"": ""A physically connected probe reacts visibly at this shelter; new arrival or increased pressure"", ""source"": ""search-Cottage_04"", ""mode"": ""direct""}, {""topic"": ""search"", ""value"": ""A physically connected probe reacts visibly at this shelter; new arrival or increased pressure"", ""source"": ""search-Cottage_04"", ""mode"": ""direct""}, {""topic"": ""search"", ""value"": ""A physically connected probe reacts visibly at this shelter; new arrival or increased pressure"", ""source"": ""search-Blacksmith"", ""mode"": ""direct""}]}","[312.0, 342.0]",[],Failed V4 experimental outcome; not approved survivor lore.
P06-02,P06,,c04-family,"[-41.2321, 38.284]",WeaverCottage,False,Leave newly compromised shelter for a nearby known refuge after local disagreement,"At WeaverCottage, structural state 0. A probe reached this shelter; detection did not itself authorize a remote attack. No lethal executed attack intersected this person's final shelter/movement after their last relocation. The remaining roof/cover and separation from Blood's body retained protection.","{""catastrophe"": ""direct: opaque daylight loss"", ""blood"": ""unknown"", ""bone"": ""direct: Parent attacked at own doorway; child needs cover"", ""barrier"": 1, ""barrier_reports"": [], ""specific_deaths"": [], ""witch"": [], ""warnings"": [{""topic"": ""bell"", ""value"": ""Public emergency only"", ""source"": ""church bell"", ""mode"": ""heard""}, {""topic"": ""search"", ""value"": ""Visible thin blood probing the entrance; hiding may be compromised"", ""source"": ""search-Cottage_04"", ""mode"": ""direct""}, {""topic"": ""search"", ""value"": ""A physically connected probe reacts visibly at this shelter; new arrival or increased pressure"", ""source"": ""search-Cottage_04"", ""mode"": ""direct""}, {""topic"": ""search"", ""value"": ""A physically connected probe reacts visibly at this shelter; new arrival or increased pressure"", ""source"": ""search-Cottage_04"", ""mode"": ""direct""}, {""topic"": ""search"", ""value"": ""A physically connected probe reacts visibly at this shelter; new arrival or increased pressure"", ""source"": ""search-Blacksmith"", ""mode"": ""direct""}]}","[312.0, 342.0]",[],Failed V4 experimental outcome; not approved survivor lore.
P06-03,P06,,c04-family,"[-41.2321, 38.284]",WeaverCottage,False,Leave newly compromised shelter for a nearby known refuge after local disagreement,"At WeaverCottage, structural state 0. A probe reached this shelter; detection did not itself authorize a remote attack. No lethal executed attack intersected this person's final shelter/movement after their last relocation. The remaining roof/cover and separation from Blood's body retained protection.","{""catastrophe"": ""direct: opaque daylight loss"", ""blood"": ""unknown"", ""bone"": ""direct: Parent attacked at own doorway; child needs cover"", ""barrier"": 1, ""barrier_reports"": [], ""specific_deaths"": [], ""witch"": [], ""warnings"": [{""topic"": ""bell"", ""value"": ""Public emergency only"", ""source"": ""church bell"", ""mode"": ""heard""}, {""topic"": ""search"", ""value"": ""Visible thin blood probing the entrance; hiding may be compromised"", ""source"": ""search-Cottage_04"", ""mode"": ""direct""}, {""topic"": ""search"", ""value"": ""A physically connected probe reacts visibly at this shelter; new arrival or increased pressure"", ""source"": ""search-Cottage_04"", ""mode"": ""direct""}, {""topic"": ""search"", ""value"": ""A physically connected probe reacts visibly at this shelter; new arrival or increased pressure"", ""source"": ""search-Cottage_04"", ""mode"": ""direct""}, {""topic"": ""search"", ""value"": ""A physically connected probe reacts visibly at this shelter; new arrival or increased pressure"", ""source"": ""search-Blacksmith"", ""mode"": ""direct""}]}","[312.0, 342.0]",[],Failed V4 experimental outcome; not approved survivor lore.
P06-04,P06,,needle-family,"[-9.6248, 26.7724]",Cottage_09,False,Stay silent and move behind intact inner cover after seeing the probe; outside danger is less understood,"At Cottage_09, structural state 0. A probe reached this shelter; detection did not itself authorize a remote attack. No lethal executed attack intersected this person's final shelter/movement after their last relocation. The remaining roof/cover and separation from Blood's body retained protection.","{""catastrophe"": ""direct: opaque daylight loss"", ""blood"": ""unknown"", ""bone"": ""unknown"", ""barrier"": 1, ""barrier_reports"": [], ""specific_deaths"": [], ""witch"": [], ""warnings"": [{""topic"": ""bell"", ""value"": ""Public emergency only"", ""source"": ""church bell"", ""mode"": ""heard""}, {""topic"": ""cover"", ""value"": ""Shelter damaged; new opening/noise/exposure"", ""source"": ""E069"", ""mode"": ""direct""}, {""topic"": ""search"", ""value"": ""A physically connected probe reacts visibly at this shelter; new arrival or increased pressure"", ""source"": ""search-Cottage_09"", ""mode"": ""direct""}, {""topic"": ""search"", ""value"": ""A physically connected probe reacts visibly at this shelter; new arrival or increased pressure"", ""source"": ""search-Cottage_09"", ""mode"": ""direct""}, {""topic"": ""search"", ""value"": ""A physically connected probe reacts visibly at this shelter; new arrival or increased pressure"", ""source"": ""search-Cottage_09"", ""mode"": ""direct""}, {""topic"": ""search"", ""value"": ""Visible thin blood probing the entrance; hiding may be compromised"", ""source"": ""search-Cottage_09"", ""mode"": ""direct""}]}",[142],[],Failed V4 experimental outcome; not approved survivor lore.
P06-05,P06,,needle-family,"[-9.6248, 26.7724]",Cottage_09,False,Stay silent and move behind intact inner cover after seeing the probe; outside danger is less understood,"At Cottage_09, structural state 0. A probe reached this shelter; detection did not itself authorize a remote attack. No lethal executed attack intersected this person's final shelter/movement after their last relocation. The remaining roof/cover and separation from Blood's body retained protection.","{""catastrophe"": ""direct: opaque daylight loss"", ""blood"": ""unknown"", ""bone"": ""unknown"", ""barrier"": 1, ""barrier_reports"": [], ""specific_deaths"": [], ""witch"": [], ""warnings"": [{""topic"": ""bell"", ""value"": ""Public emergency only"", ""source"": ""church bell"", ""mode"": ""heard""}, {""topic"": ""cover"", ""value"": ""Shelter damaged; new opening/noise/exposure"", ""source"": ""E069"", ""mode"": ""direct""}, {""topic"": ""search"", ""value"": ""A physically connected probe reacts visibly at this shelter; new arrival or increased pressure"", ""source"": ""search-Cottage_09"", ""mode"": ""direct""}, {""topic"": ""search"", ""value"": ""A physically connected probe reacts visibly at this shelter; new arrival or increased pressure"", ""source"": ""search-Cottage_09"", ""mode"": ""direct""}, {""topic"": ""search"", ""value"": ""A physically connected probe reacts visibly at this shelter; new arrival or increased pressure"", ""source"": ""search-Cottage_09"", ""mode"": ""direct""}, {""topic"": ""search"", ""value"": ""Visible thin blood probing the entrance; hiding may be compromised"", ""source"": ""search-Cottage_09"", ""mode"": ""direct""}]}",[142],[],Failed V4 experimental outcome; not approved survivor lore.
P06-08,P06,,c09-resident,"[-28.2463, 3.8778]",Cottage_04,False,Leave newly compromised shelter for a nearby known refuge after local disagreement,"At Cottage_04, structural state 0. A probe reached this shelter; detection did not itself authorize a remote attack. No lethal executed attack intersected this person's final shelter/movement after their last relocation. The remaining roof/cover and separation from Blood's body retained protection.","{""catastrophe"": ""direct: opaque daylight loss"", ""blood"": ""unknown"", ""bone"": ""unknown"", ""barrier"": 1, ""barrier_reports"": [], ""specific_deaths"": [], ""witch"": [], ""warnings"": [{""topic"": ""bell"", ""value"": ""Public emergency only"", ""source"": ""church bell"", ""mode"": ""heard""}, {""topic"": ""search"", ""value"": ""Visible thin blood probing the entrance; hiding may be compromised"", ""source"": ""search-Cottage_09"", ""mode"": ""direct""}, {""topic"": ""search"", ""value"": ""A physically connected probe reacts visibly at this shelter; new arrival or increased pressure"", ""source"": ""search-Cottage_09"", ""mode"": ""direct""}, {""topic"": ""search"", ""value"": ""Visible thin blood probing the entrance; hiding may be compromised"", ""source"": ""search-Cottage_04"", ""mode"": ""direct""}, {""topic"": ""search"", ""value"": ""A physically connected probe reacts visibly at this shelter; new arrival or increased pressure"", ""source"": ""search-Cottage_04"", ""mode"": ""direct""}, {""topic"": ""search"", ""value"": ""A physically connected probe reacts visibly at this shelter; new arrival or increased pressure"", ""source"": ""search-Cottage_04"", ""mode"": ""direct""}, {""topic"": ""search"", ""value"": ""Visible thin blood probing the entrance; hiding may be compromised"", ""source"": ""search-Cottage_09"", ""mode"": ""direct""}, {""topic"": ""search"", ""value"": ""A physically connected probe reacts visibly at this shelter; new arrival or increased pressure"", ""source"": ""search-Cottage_09"", ""mode"": ""direct""}]}","[142, 312.0, 342.0]",[],Failed V4 experimental outcome; not approved survivor lore.
P06-09,P06,,lower-yard-west,"[-41.2321, 38.284]",WeaverCottage,False,Leave newly compromised shelter for a nearby known refuge after local disagreement,"At WeaverCottage, structural state 0. A probe reached this shelter; detection did not itself authorize a remote attack. No lethal executed attack intersected this person's final shelter/movement after their last relocation. The remaining roof/cover and separation from Blood's body retained protection.","{""catastrophe"": ""direct: opaque daylight loss"", ""blood"": ""unknown"", ""bone"": ""direct: precise local attack"", ""barrier"": 1, ""barrier_reports"": [], ""specific_deaths"": [], ""witch"": [], ""warnings"": [{""topic"": ""injury"", ""value"": ""P06-13"", ""source"": ""E040"", ""mode"": ""direct""}, {""topic"": ""sound"", ""value"": ""Heavy impact and human cries nearby; exact victims unknown unless seen"", ""source"": ""E044"", ""mode"": ""heard""}, {""topic"": ""bell"", ""value"": ""Public emergency only"", ""source"": ""church bell"", ""mode"": ""heard""}, {""topic"": ""search"", ""value"": ""Visible thin blood probing the entrance; hiding may be compromised"", ""source"": ""search-Cottage_09"", ""mode"": ""direct""}, {""topic"": ""search"", ""value"": ""A physically connected probe reacts visibly at this shelter; new arrival or increased pressure"", ""source"": ""search-Cottage_09"", ""mode"": ""direct""}, {""topic"": ""search"", ""value"": ""Visible thin blood probing the entrance; hiding may be compromised"", ""source"": ""search-Blacksmith"", ""mode"": ""direct""}, {""topic"": ""search"", ""value"": ""A physically connected probe reacts visibly at this shelter; new arrival or increased pressure"", ""source"": ""search-Blacksmith"", ""mode"": ""direct""}]}","[90, 142, 318.0]",[],Failed V4 experimental outcome; not approved survivor lore.
P06-10,P06,,lower-yard-west,"[-41.2321, 38.284]",WeaverCottage,False,Leave newly compromised shelter for a nearby known refuge after local disagreement,"At WeaverCottage, structural state 0. A probe reached this shelter; detection did not itself authorize a remote attack. No lethal executed attack intersected this person's final shelter/movement after their last relocation. The remaining roof/cover and separation from Blood's body retained protection.","{""catastrophe"": ""direct: opaque daylight loss"", ""blood"": ""unknown"", ""bone"": ""direct: precise local attack"", ""barrier"": 1, ""barrier_reports"": [], ""specific_deaths"": [], ""witch"": [], ""warnings"": [{""topic"": ""injury"", ""value"": ""P06-13"", ""source"": ""E040"", ""mode"": ""direct""}, {""topic"": ""sound"", ""value"": ""Heavy impact and human cries nearby; exact victims unknown unless seen"", ""source"": ""E044"", ""mode"": ""heard""}, {""topic"": ""bell"", ""value"": ""Public emergency only"", ""source"": ""church bell"", ""mode"": ""heard""}, {""topic"": ""search"", ""value"": ""Visible thin blood probing the entrance; hiding may be compromised"", ""source"": ""search-Cottage_09"", ""mode"": ""direct""}, {""topic"": ""search"", ""value"": ""A physically connected probe reacts visibly at this shelter; new arrival or increased pressure"", ""source"": ""search-Cottage_09"", ""mode"": ""direct""}, {""topic"": ""search"", ""value"": ""Visible thin blood probing the entrance; hiding may be compromised"", ""source"": ""search-Blacksmith"", ""mode"": ""direct""}, {""topic"": ""search"", ""value"": ""A physically connected probe reacts visibly at this shelter; new arrival or increased pressure"", ""source"": ""search-Blacksmith"", ""mode"": ""direct""}]}","[90, 142, 318.0]",[],Failed V4 experimental outcome; not approved survivor lore.
P06-11,P06,,lower-yard-east,"[-9.6248, 26.7724]",Cottage_09,False,Stay silent and move behind intact inner cover after seeing the probe; outside danger is less understood,"At Cottage_09, structural state 0. A probe reached this shelter; detection did not itself authorize a remote attack. No lethal executed attack intersected this person's final shelter/movement after their last relocation. The remaining roof/cover and separation from Blood's body retained protection.","{""catastrophe"": ""direct: opaque daylight loss"", ""blood"": ""heard: public impact"", ""bone"": ""unknown"", ""barrier"": 1, ""barrier_reports"": [], ""specific_deaths"": [], ""witch"": [], ""warnings"": [{""topic"": ""bell"", ""value"": ""Public emergency only"", ""source"": ""church bell"", ""mode"": ""heard""}, {""topic"": ""cover"", ""value"": ""Shelter damaged; new opening/noise/exposure"", ""source"": ""E069"", ""mode"": ""direct""}, {""topic"": ""search"", ""value"": ""A physically connected probe reacts visibly at this shelter; new arrival or increased pressure"", ""source"": ""search-Cottage_09"", ""mode"": ""direct""}, {""topic"": ""search"", ""value"": ""A physically connected probe reacts visibly at this shelter; new arrival or increased pressure"", ""source"": ""search-Cottage_09"", ""mode"": ""direct""}, {""topic"": ""search"", ""value"": ""A physically connected probe reacts visibly at this shelter; new arrival or increased pressure"", ""source"": ""search-Cottage_09"", ""mode"": ""direct""}, {""topic"": ""search"", ""value"": ""Visible thin blood probing the entrance; hiding may be compromised"", ""source"": ""search-Cottage_09"", ""mode"": ""direct""}]}","[90, 142]",[],Failed V4 experimental outcome; not approved survivor lore.
P06-12,P06,,lower-yard-east,"[-9.6248, 26.7724]",Cottage_09,False,Stay silent and move behind intact inner cover after seeing the probe; outside danger is less understood,"At Cottage_09, structural state 0. A probe reached this shelter; detection did not itself authorize a remote attack. No lethal executed attack intersected this person's final shelter/movement after their last relocation. The remaining roof/cover and separation from Blood's body retained protection.","{""catastrophe"": ""direct: opaque daylight loss"", ""blood"": ""heard: public impact"", ""bone"": ""unknown"", ""barrier"": 1, ""barrier_reports"": [], ""specific_deaths"": [], ""witch"": [], ""warnings"": [{""topic"": ""bell"", ""value"": ""Public emergency only"", ""source"": ""church bell"", ""mode"": ""heard""}, {""topic"": ""cover"", ""value"": ""Shelter damaged; new opening/noise/exposure"", ""source"": ""E069"", ""mode"": ""direct""}, {""topic"": ""search"", ""value"": ""A physically connected probe reacts visibly at this shelter; new arrival or increased pressure"", ""source"": ""search-Cottage_09"", ""mode"": ""direct""}, {""topic"": ""search"", ""value"": ""A physically connected probe reacts visibly at this shelter; new arrival or increased pressure"", ""source"": ""search-Cottage_09"", ""mode"": ""direct""}, {""topic"": ""search"", ""value"": ""A physically connected probe reacts visibly at this shelter; new arrival or increased pressure"", ""source"": ""search-Cottage_09"", ""mode"": ""direct""}, {""topic"": ""search"", ""value"": ""Visible thin blood probing the entrance; hiding may be compromised"", ""source"": ""search-Cottage_09"", ""mode"": ""direct""}]}","[90, 142]",[],Failed V4 experimental outcome; not approved survivor lore.
P06-14,P06,M05,parent-child,"[-28.2463, 3.8778]",Cottage_04,False,Leave newly compromised shelter for a nearby known refuge after local disagreement,"At Cottage_04, structural state 0. A probe reached this shelter; detection did not itself authorize a remote attack. No lethal executed attack intersected this person's final shelter/movement after their last relocation. The remaining roof/cover and separation from Blood's body retained protection.","{""catastrophe"": ""direct: opaque daylight loss"", ""blood"": ""unknown"", ""bone"": ""direct: precise local attack"", ""barrier"": 1, ""barrier_reports"": [], ""specific_deaths"": [""P06-13""], ""witch"": [], ""warnings"": [{""topic"": ""injury"", ""value"": ""P06-13"", ""source"": ""E040"", ""mode"": ""direct""}, {""topic"": ""sound"", ""value"": ""Heavy impact and human cries nearby; exact victims unknown unless seen"", ""source"": ""E044"", ""mode"": ""heard""}, {""topic"": ""bell"", ""value"": ""Public emergency only"", ""source"": ""church bell"", ""mode"": ""heard""}, {""topic"": ""search"", ""value"": ""Visible thin blood probing the entrance; hiding may be compromised"", ""source"": ""search-Cottage_04"", ""mode"": ""direct""}, {""topic"": ""search"", ""value"": ""A physically connected probe reacts visibly at this shelter; new arrival or increased pressure"", ""source"": ""search-Cottage_04"", ""mode"": ""direct""}, {""topic"": ""search"", ""value"": ""A physically connected probe reacts visibly at this shelter; new arrival or increased pressure"", ""source"": ""search-Cottage_04"", ""mode"": ""direct""}, {""topic"": ""search"", ""value"": ""Visible thin blood probing the entrance; hiding may be compromised"", ""source"": ""search-Cottage_09"", ""mode"": ""direct""}, {""topic"": ""search"", ""value"": ""A physically connected probe reacts visibly at this shelter; new arrival or increased pressure"", ""source"": ""search-Cottage_09"", ""mode"": ""direct""}]}","[94, 102, 312.0, 342.0]","[""Bone E-M05-injury"", ""Bone M05 final attack""]",Failed V4 experimental outcome; not approved survivor lore.
P07-01,P07,M07,smith-pair,"[-48.0, -1.0]",,False,Surviving smith withdraws from exact local threat into lower western yards,"Outside at the terminal clock, holding at the last chosen local cover/waypoint. Bone had changed this person's movement, but no later completed intended hit reached them. The Mayor's fixed death ends this primary ledger; no cleanup event is inferred.","{""catastrophe"": ""direct: opaque daylight loss"", ""blood"": ""heard: heavy impact and screams"", ""bone"": ""direct: precise local attack"", ""barrier"": 1, ""barrier_reports"": [], ""specific_deaths"": [""P07-02""], ""witch"": [], ""warnings"": [{""topic"": ""injury"", ""value"": ""P06-13"", ""source"": ""E040"", ""mode"": ""direct""}, {""topic"": ""bell"", ""value"": ""Public emergency only"", ""source"": ""church bell"", ""mode"": ""heard""}, {""topic"": ""sound"", ""value"": ""Heavy impact and human cries nearby; exact victims unknown unless seen"", ""source"": ""E069"", ""mode"": ""heard""}, {""topic"": ""sound"", ""value"": ""Heavy impact and human cries nearby; exact victims unknown unless seen"", ""source"": ""E177"", ""mode"": ""heard""}, {""topic"": ""sound"", ""value"": ""Heavy impact and human cries nearby; exact victims unknown unless seen"", ""source"": ""E203"", ""mode"": ""heard""}, {""topic"": ""sound"", ""value"": ""Heavy impact and human cries nearby; exact victims unknown unless seen"", ""source"": ""E267"", ""mode"": ""heard""}, {""topic"": ""sound"", ""value"": ""Heavy impact and human cries nearby; exact victims unknown unless seen"", ""source"": ""E344"", ""mode"": ""heard""}, {""topic"": ""sound"", ""value"": ""Heavy impact and human cries nearby; exact victims unknown unless seen"", ""source"": ""E358"", ""mode"": ""heard""}]}","[94, 106, 108]","[""Bone forge route denial"", ""Bone E-forge-apprentice""]",Failed V4 experimental outcome; not approved survivor lore.
P07-04,P07,,smith-customer,"[-25.8, 21]",,False,Collecting repaired item,"Outside at the terminal clock, holding at the last chosen local cover/waypoint. The Mayor's fixed death ends this primary ledger; no cleanup event is inferred.","{""catastrophe"": ""direct: opaque daylight loss"", ""blood"": ""heard: heavy impact"", ""bone"": ""unknown"", ""barrier"": 1, ""barrier_reports"": [], ""specific_deaths"": [], ""witch"": [], ""warnings"": [{""topic"": ""sound"", ""value"": ""Heavy impact and human cries nearby; exact victims unknown unless seen"", ""source"": ""E044"", ""mode"": ""heard""}, {""topic"": ""bell"", ""value"": ""Public emergency only"", ""source"": ""church bell"", ""mode"": ""heard""}, {""topic"": ""sound"", ""value"": ""Heavy impact and human cries nearby; exact victims unknown unless seen"", ""source"": ""E069"", ""mode"": ""heard""}, {""topic"": ""sound"", ""value"": ""Heavy impact and human cries nearby; exact victims unknown unless seen"", ""source"": ""E108"", ""mode"": ""heard""}, {""topic"": ""sound"", ""value"": ""Heavy impact and human cries nearby; exact victims unknown unless seen"", ""source"": ""E177"", ""mode"": ""heard""}, {""topic"": ""sound"", ""value"": ""Heavy impact and human cries nearby; exact victims unknown unless seen"", ""source"": ""E203"", ""mode"": ""heard""}, {""topic"": ""sound"", ""value"": ""Heavy impact and human cries nearby; exact victims unknown unless seen"", ""source"": ""E267"", ""mode"": ""heard""}, {""topic"": ""sound"", ""value"": ""Heavy impact and human cries nearby; exact victims unknown unless seen"", ""source"": ""E344"", ""mode"": ""heard""}, {""topic"": ""sound"", ""value"": ""Heavy impact and human cries nearby; exact victims unknown unless seen"", ""source"": ""E358"", ""mode"": ""heard""}]}",[],[],Failed V4 experimental outcome; not approved survivor lore.
P08-01,P08,M04,water-pair,"[-24.0, 31.0]",,False,Water carriers avoid the assistant's attack position and move toward lower western homes,"Outside at the terminal clock, holding at the last chosen local cover/waypoint. The Mayor's fixed death ends this primary ledger; no cleanup event is inferred.","{""catastrophe"": ""direct: opaque daylight loss"", ""blood"": ""direct: overwhelming local strike"", ""bone"": ""direct: assistant killed"", ""barrier"": 1, ""barrier_reports"": [], ""specific_deaths"": [""P11-01"", ""P11-09"", ""P11-16"", ""P11-15"", ""P11-10"", ""P07-03""], ""witch"": [], ""warnings"": [{""topic"": ""sound"", ""value"": ""Heavy impact and human cries nearby; exact victims unknown unless seen"", ""source"": ""E044"", ""mode"": ""heard""}, {""topic"": ""bell"", ""value"": ""Public emergency only"", ""source"": ""church bell"", ""mode"": ""heard""}, {""topic"": ""sound"", ""value"": ""Heavy impact and human cries nearby; exact victims unknown unless seen"", ""source"": ""E069"", ""mode"": ""heard""}, {""topic"": ""sound"", ""value"": ""Heavy impact and human cries nearby; exact victims unknown unless seen"", ""source"": ""E108"", ""mode"": ""heard""}, {""topic"": ""sound"", ""value"": ""Heavy impact and human cries nearby; exact victims unknown unless seen"", ""source"": ""E177"", ""mode"": ""heard""}, {""topic"": ""sound"", ""value"": ""Heavy impact and human cries nearby; exact victims unknown unless seen"", ""source"": ""E203"", ""mode"": ""heard""}, {""topic"": ""sound"", ""value"": ""Heavy impact and human cries nearby; exact victims unknown unless seen"", ""source"": ""E267"", ""mode"": ""heard""}]}",[90],[],Failed V4 experimental outcome; not approved survivor lore.
P08-02,P08,M04,water-pair,"[-24.0, 31.0]",,False,Water carriers avoid the assistant's attack position and move toward lower western homes,"Outside at the terminal clock, holding at the last chosen local cover/waypoint. The Mayor's fixed death ends this primary ledger; no cleanup event is inferred.","{""catastrophe"": ""direct: opaque daylight loss"", ""blood"": ""direct: overwhelming local strike"", ""bone"": ""direct: assistant killed"", ""barrier"": 1, ""barrier_reports"": [], ""specific_deaths"": [""P11-01"", ""P11-09"", ""P11-16"", ""P11-15"", ""P11-10"", ""P07-03""], ""witch"": [], ""warnings"": [{""topic"": ""sound"", ""value"": ""Heavy impact and human cries nearby; exact victims unknown unless seen"", ""source"": ""E044"", ""mode"": ""heard""}, {""topic"": ""bell"", ""value"": ""Public emergency only"", ""source"": ""church bell"", ""mode"": ""heard""}, {""topic"": ""sound"", ""value"": ""Heavy impact and human cries nearby; exact victims unknown unless seen"", ""source"": ""E069"", ""mode"": ""heard""}, {""topic"": ""sound"", ""value"": ""Heavy impact and human cries nearby; exact victims unknown unless seen"", ""source"": ""E108"", ""mode"": ""heard""}, {""topic"": ""sound"", ""value"": ""Heavy impact and human cries nearby; exact victims unknown unless seen"", ""source"": ""E177"", ""mode"": ""heard""}, {""topic"": ""sound"", ""value"": ""Heavy impact and human cries nearby; exact victims unknown unless seen"", ""source"": ""E203"", ""mode"": ""heard""}, {""topic"": ""sound"", ""value"": ""Heavy impact and human cries nearby; exact victims unknown unless seen"", ""source"": ""E267"", ""mode"": ""heard""}]}",[90],[],Failed V4 experimental outcome; not approved survivor lore.
P08-17,P08,,east-passers-split5,"[16.8797, 91.2934]",,False,Leave newly compromised shelter for a nearby known refuge after local disagreement,"Outside at the terminal clock, still following an interrupted journey. Bone had changed this person's movement, but no later completed intended hit reached them. The Mayor's fixed death ends this primary ledger; no cleanup event is inferred.","{""catastrophe"": ""direct: opaque daylight loss"", ""blood"": ""heard: crash behind"", ""bone"": ""direct: precise local attack"", ""barrier"": 1, ""barrier_reports"": [], ""specific_deaths"": [""P14-06""], ""witch"": [], ""warnings"": [{""topic"": ""bell"", ""value"": ""Public emergency only"", ""source"": ""church bell"", ""mode"": ""heard""}, {""topic"": ""cover"", ""value"": ""Shelter damaged; new opening/noise/exposure"", ""source"": ""E069"", ""mode"": ""direct""}, {""topic"": ""search"", ""value"": ""Visible thin blood probing the entrance; hiding may be compromised"", ""source"": ""search-Cottage_01"", ""mode"": ""direct""}, {""topic"": ""search"", ""value"": ""A physically connected probe reacts visibly at this shelter; new arrival or increased pressure"", ""source"": ""search-Cottage_01"", ""mode"": ""direct""}, {""topic"": ""cover"", ""value"": ""Shelter damaged; new opening/noise/exposure"", ""source"": ""E108"", ""mode"": ""direct""}, {""topic"": ""search"", ""value"": ""Visible thin blood probing the entrance; hiding may be compromised"", ""source"": ""search-Cottage_07"", ""mode"": ""direct""}, {""topic"": ""search"", ""value"": ""A physically connected probe reacts visibly at this shelter; new arrival or increased pressure"", ""source"": ""search-Cottage_07"", ""mode"": ""direct""}, {""topic"": ""search"", ""value"": ""Visible thin blood probing the entrance; hiding may be compromised"", ""source"": ""search-CrookedCottage"", ""mode"": ""direct""}, {""topic"": ""search"", ""value"": ""A physically connected probe reacts visibly at this shelter; new arrival or increased pressure"", ""source"": ""search-CrookedCottage"", ""mode"": ""direct""}, {""topic"": ""search"", ""value"": ""Visible thin blood probing the entrance; hiding may be compromised"", ""source"": ""search-SplitRoofCottage"", ""mode"": ""direct""}, {""topic"": ""search"", ""value"": ""A physically connected probe reacts visibly at this shelter; new arrival or increased pressure"", ""source"": ""search-SplitRoofCottage"", ""mode"": ""direct""}, {""topic"": ""search"", ""value"": ""A physically connected probe reacts visibly at this shelter; new arrival or increased pressure"", ""source"": ""search-Cottage_08"", ""mode"": ""direct""}, {""topic"": ""search"", ""value"": ""A physically connected probe reacts visibly at this shelter; new arrival or increased pressure"", ""source"": ""search-Cottage_08"", ""mode"": ""direct""}, {""topic"": ""cover"", ""value"": ""Shelter damaged; new opening/noise/exposure"", ""source"": ""E521"", ""mode"": ""direct""}]}","[90, 116, 142, 216, 290, 312.0, 360.0]","[""E521""]",Failed V4 experimental outcome; not approved survivor lore.
P08-24,P08,,stall-thief,"[16.8797, 91.2934]",,False,Leave newly compromised shelter for a nearby known refuge after local disagreement,"Outside at the terminal clock, still following an interrupted journey. Bone had changed this person's movement, but no later completed intended hit reached them. The Mayor's fixed death ends this primary ledger; no cleanup event is inferred.","{""catastrophe"": ""direct: opaque daylight loss"", ""blood"": ""direct: overwhelming local strike"", ""bone"": ""direct: precise local attack"", ""barrier"": 1, ""barrier_reports"": [], ""specific_deaths"": [""P10-21"", ""P08-20"", ""P09-11"", ""P08-22"", ""P09-09"", ""P09-10"", ""P09-08"", ""P14-06"", ""P12-14"", ""P08-21""], ""witch"": [{""observation"": ""Saw blood flow around her; causal suspicion, not full explanation"", ""source"": ""E069"", ""mode"": ""direct""}, {""observation"": ""Saw blood flow around her; causal suspicion, not full explanation"", ""source"": ""E108"", ""mode"": ""direct""}], ""warnings"": [{""topic"": ""search"", ""value"": ""Visible thin blood probing the entrance; hiding may be compromised"", ""source"": ""search-Cottage_13"", ""mode"": ""direct""}, {""topic"": ""search"", ""value"": ""A physically connected probe reacts visibly at this shelter; new arrival or increased pressure"", ""source"": ""search-Cottage_13"", ""mode"": ""direct""}, {""topic"": ""cover"", ""value"": ""Shelter damaged; new opening/noise/exposure"", ""source"": ""E044"", ""mode"": ""direct""}, {""topic"": ""search"", ""value"": ""A physically connected probe reacts visibly at this shelter; new arrival or increased pressure"", ""source"": ""search-Cottage_13"", ""mode"": ""direct""}, {""topic"": ""bell"", ""value"": ""Public emergency only"", ""source"": ""church bell"", ""mode"": ""heard""}, {""topic"": ""sound"", ""value"": ""Heavy impact and human cries nearby; exact victims unknown unless seen"", ""source"": ""E069"", ""mode"": ""heard""}, {""topic"": ""sound"", ""value"": ""Heavy impact and human cries nearby; exact victims unknown unless seen"", ""source"": ""E108"", ""mode"": ""heard""}, {""topic"": ""sound"", ""value"": ""Heavy impact and human cries nearby; exact victims unknown unless seen"", ""source"": ""E177"", ""mode"": ""heard""}, {""topic"": ""sound"", ""value"": ""Heavy impact and human cries nearby; exact victims unknown unless seen"", ""source"": ""E203"", ""mode"": ""heard""}, {""topic"": ""injury"", ""value"": ""P12-14"", ""source"": ""E252"", ""mode"": ""direct""}, {""topic"": ""sound"", ""value"": ""Heavy impact and human cries nearby; exact victims unknown unless seen"", ""source"": ""E267"", ""mode"": ""heard""}, {""topic"": ""search"", ""value"": ""Visible thin blood probing the entrance; hiding may be compromised"", ""source"": ""search-SplitRoofCottage"", ""mode"": ""direct""}, {""topic"": ""search"", ""value"": ""A physically connected probe reacts visibly at this shelter; new arrival or increased pressure"", ""source"": ""search-SplitRoofCottage"", ""mode"": ""direct""}, {""topic"": ""search"", ""value"": ""A physically connected probe reacts visibly at this shelter; new arrival or increased pressure"", ""source"": ""search-Cottage_08"", ""mode"": ""direct""}, {""topic"": ""search"", ""value"": ""A physically connected probe reacts visibly at this shelter; new arrival or increased pressure"", ""source"": ""search-Cottage_08"", ""mode"": ""direct""}, {""topic"": ""cover"", ""value"": ""Shelter damaged; new opening/noise/exposure"", ""source"": ""E521"", ""mode"": ""direct""}]}","[90, 98, 134, 222, 290, 312.0, 360.0]","[""E521""]",Failed V4 experimental outcome; not approved survivor lore.
P08-26,P08,,centre-transit,"[-10.564, 91.4845]",UpperCottage,False,Leave newly compromised shelter for a nearby known refuge after local disagreement,"At UpperCottage, structural state 0. A probe reached this shelter; detection did not itself authorize a remote attack. No lethal executed attack intersected this person's final shelter/movement after their last relocation. The remaining roof/cover and separation from Blood's body retained protection.","{""catastrophe"": ""direct: opaque daylight loss"", ""blood"": ""direct: public attack"", ""bone"": ""direct: precise local attack"", ""barrier"": 1, ""barrier_reports"": [], ""specific_deaths"": [""P08-23"", ""P13-01""], ""witch"": [], ""warnings"": [{""topic"": ""search"", ""value"": ""Visible thin blood probing the entrance; hiding may be compromised"", ""source"": ""search-Cottage_13"", ""mode"": ""direct""}, {""topic"": ""search"", ""value"": ""A physically connected probe reacts visibly at this shelter; new arrival or increased pressure"", ""source"": ""search-Cottage_13"", ""mode"": ""direct""}, {""topic"": ""cover"", ""value"": ""Shelter damaged; new opening/noise/exposure"", ""source"": ""E044"", ""mode"": ""direct""}, {""topic"": ""search"", ""value"": ""A physically connected probe reacts visibly at this shelter; new arrival or increased pressure"", ""source"": ""search-Cottage_13"", ""mode"": ""direct""}, {""topic"": ""bell"", ""value"": ""Public emergency only"", ""source"": ""church bell"", ""mode"": ""heard""}, {""topic"": ""sound"", ""value"": ""Heavy impact and human cries nearby; exact victims unknown unless seen"", ""source"": ""E108"", ""mode"": ""heard""}, {""topic"": ""sound"", ""value"": ""Heavy impact and human cries nearby; exact victims unknown unless seen"", ""source"": ""E177"", ""mode"": ""heard""}, {""topic"": ""sound"", ""value"": ""Heavy impact and human cries nearby; exact victims unknown unless seen"", ""source"": ""E203"", ""mode"": ""heard""}, {""topic"": ""sound"", ""value"": ""Heavy impact and human cries nearby; exact victims unknown unless seen"", ""source"": ""E267"", ""mode"": ""heard""}, {""topic"": ""search"", ""value"": ""A physically connected probe reacts visibly at this shelter; new arrival or increased pressure"", ""source"": ""search-Cottage_11"", ""mode"": ""direct""}, {""topic"": ""search"", ""value"": ""A physically connected probe reacts visibly at this shelter; new arrival or increased pressure"", ""source"": ""search-UpperCottage"", ""mode"": ""direct""}, {""topic"": ""search"", ""value"": ""Visible thin blood probing the entrance; hiding may be compromised"", ""source"": ""search-Church"", ""mode"": ""direct""}, {""topic"": ""search"", ""value"": ""A physically connected probe reacts visibly at this shelter; new arrival or increased pressure"", ""source"": ""search-Church"", ""mode"": ""direct""}, {""topic"": ""cover"", ""value"": ""Shelter damaged; new opening/noise/exposure"", ""source"": ""E388"", ""mode"": ""direct""}, {""topic"": ""search"", ""value"": ""A physically connected probe reacts visibly at this shelter; new arrival or increased pressure"", ""source"": ""search-Cottage_11"", ""mode"": ""direct""}, {""topic"": ""search"", ""value"": ""Visible thin blood probing the entrance; hiding may be compromised"", ""source"": ""search-Cottage_11"", ""mode"": ""direct""}, {""topic"": ""sound"", ""value"": ""Heavy impact and human cries nearby; exact victims unknown unless seen"", ""source"": ""E524"", ""mode"": ""heard""}, {""topic"": ""search"", ""value"": ""A physically connected probe reacts visibly at this shelter; new arrival or increased pressure"", ""source"": ""search-UpperCottage"", ""mode"": ""direct""}]}","[90, 110, 222, 238, 266, 280, 290, 342.0]","[""Bone upper watcher attack""]",Failed V4 experimental outcome; not approved survivor lore.
P09-01,P09,,tavern-service-runners-split5,"[23.5, 97.6557]",Church,False,Stay silent and move behind intact inner cover after seeing the probe; outside danger is less understood,"At Church, structural state 2. A probe reached this shelter; detection did not itself authorize a remote attack. No lethal executed attack intersected this person's final shelter/movement after their last relocation. Prior damage was not assumed to kill every occupant; unhit space and departures remained possible.","{""catastrophe"": ""direct: opaque daylight loss"", ""blood"": ""direct: Second impact through tavern wall while evacuating"", ""bone"": ""direct: precise local attack"", ""barrier"": 1, ""barrier_reports"": [], ""specific_deaths"": [""P14-06"", ""P09-05"", ""P09-07"", ""P09-04""], ""witch"": [], ""warnings"": [{""topic"": ""cover"", ""value"": ""Shelter damaged; new opening/noise/exposure"", ""source"": ""E044"", ""mode"": ""direct""}, {""topic"": ""bell"", ""value"": ""Public emergency only"", ""source"": ""church bell"", ""mode"": ""heard""}, {""topic"": ""injury"", ""value"": ""P09-06"", ""source"": ""E069"", ""mode"": ""direct""}, {""topic"": ""sound"", ""value"": ""Heavy impact and human cries nearby; exact victims unknown unless seen"", ""source"": ""E069"", ""mode"": ""heard""}, {""topic"": ""cover"", ""value"": ""Shelter damaged; new opening/noise/exposure"", ""source"": ""E156"", ""mode"": ""direct""}, {""topic"": ""injury"", ""value"": ""P09-12"", ""source"": ""E172"", ""mode"": ""direct""}, {""topic"": ""search"", ""value"": ""A physically connected probe reacts visibly at this shelter; new arrival or increased pressure"", ""source"": ""search-CollapsedCellarCottage"", ""mode"": ""direct""}, {""topic"": ""sound"", ""value"": ""Heavy impact and human cries nearby; exact victims unknown unless seen"", ""source"": ""E203"", ""mode"": ""heard""}, {""topic"": ""search"", ""value"": ""Visible thin blood probing the entrance; hiding may be compromised"", ""source"": ""search-Cottage_06"", ""mode"": ""direct""}, {""topic"": ""search"", ""value"": ""A physically connected probe reacts visibly at this shelter; new arrival or increased pressure"", ""source"": ""search-Cottage_06"", ""mode"": ""direct""}, {""topic"": ""search"", ""value"": ""A physically connected probe reacts visibly at this shelter; new arrival or increased pressure"", ""source"": ""search-Cottage_06"", ""mode"": ""direct""}, {""topic"": ""search"", ""value"": ""A physically connected probe reacts visibly at this shelter; new arrival or increased pressure"", ""source"": ""search-CrookedCottage"", ""mode"": ""direct""}, {""topic"": ""search"", ""value"": ""Visible thin blood probing the entrance; hiding may be compromised"", ""source"": ""search-SplitRoofCottage"", ""mode"": ""direct""}, {""topic"": ""search"", ""value"": ""A physically connected probe reacts visibly at this shelter; new arrival or increased pressure"", ""source"": ""search-SplitRoofCottage"", ""mode"": ""direct""}, {""topic"": ""search"", ""value"": ""A physically connected probe reacts visibly at this shelter; new arrival or increased pressure"", ""source"": ""search-Cottage_08"", ""mode"": ""direct""}, {""topic"": ""search"", ""value"": ""A physically connected probe reacts visibly at this shelter; new arrival or increased pressure"", ""source"": ""search-Cottage_08"", ""mode"": ""direct""}, {""topic"": ""cover"", ""value"": ""Shelter damaged; new opening/noise/exposure"", ""source"": ""E521"", ""mode"": ""direct""}]}","[102, 130, 151, 168, 184, 216, 290, 312.0]","[""E156""]",Failed V4 experimental outcome; not approved survivor lore.
P09-02,P09,,tavern-service-runners-split8,"[25.0991, 84.0009]",,True,Leave newly compromised shelter for a nearby known refuge after local disagreement,"Outside at the terminal clock, still following an interrupted journey. Bone had changed this person's movement, but no later completed intended hit reached them. The Mayor's fixed death ends this primary ledger; no cleanup event is inferred.","{""catastrophe"": ""direct: opaque daylight loss"", ""blood"": ""direct: overwhelming local strike"", ""bone"": ""direct: precise local attack"", ""barrier"": 1, ""barrier_reports"": [], ""specific_deaths"": [""P09-07"", ""P06-07"", ""P14-04"", ""P09-04"", ""P10-22"", ""P08-18"", ""P14-01"", ""P10-11"", ""P06-06"", ""P10-12"", ""P10-14"", ""P09-14"", ""P09-05"", ""P10-13""], ""witch"": [], ""warnings"": [{""topic"": ""cover"", ""value"": ""Shelter damaged; new opening/noise/exposure"", ""source"": ""E044"", ""mode"": ""direct""}, {""topic"": ""bell"", ""value"": ""Public emergency only"", ""source"": ""church bell"", ""mode"": ""heard""}, {""topic"": ""injury"", ""value"": ""P09-06"", ""source"": ""E069"", ""mode"": ""direct""}, {""topic"": ""sound"", ""value"": ""Heavy impact and human cries nearby; exact victims unknown unless seen"", ""source"": ""E069"", ""mode"": ""heard""}, {""topic"": ""cover"", ""value"": ""Shelter damaged; new opening/noise/exposure"", ""source"": ""E156"", ""mode"": ""direct""}, {""topic"": ""search"", ""value"": ""Visible thin blood probing the entrance; hiding may be compromised"", ""source"": ""search-Cottage_06"", ""mode"": ""direct""}, {""topic"": ""search"", ""value"": ""A physically connected probe reacts visibly at this shelter; new arrival or increased pressure"", ""source"": ""search-Cottage_06"", ""mode"": ""direct""}, {""topic"": ""search"", ""value"": ""A physically connected probe reacts visibly at this shelter; new arrival or increased pressure"", ""source"": ""search-Cottage_06"", ""mode"": ""direct""}, {""topic"": ""search"", ""value"": ""A physically connected probe reacts visibly at this shelter; new arrival or increased pressure"", ""source"": ""search-CollapsedCellarCottage"", ""mode"": ""direct""}, {""topic"": ""cover"", ""value"": ""Shelter damaged; new opening/noise/exposure"", ""source"": ""E267"", ""mode"": ""direct""}, {""topic"": ""search"", ""value"": ""A physically connected probe reacts visibly at this shelter; new arrival or increased pressure"", ""source"": ""search-CrookedCottage"", ""mode"": ""direct""}, {""topic"": ""search"", ""value"": ""A physically connected probe reacts visibly at this shelter; new arrival or increased pressure"", ""source"": ""search-SplitRoofCottage"", ""mode"": ""direct""}, {""topic"": ""search"", ""value"": ""A physically connected probe reacts visibly at this shelter; new arrival or increased pressure"", ""source"": ""search-Cottage_08"", ""mode"": ""direct""}, {""topic"": ""sound"", ""value"": ""Heavy impact and human cries nearby; exact victims unknown unless seen"", ""source"": ""E524"", ""mode"": ""heard""}]}","[102, 130, 184, 216, 258, 300, 314.0, 342.0]","[""Bone eastern interception""]",Failed V4 experimental outcome; not approved survivor lore.
P10-03,P10,,old-CrookedCottage,"[68.0, 96.0]",,False,Surviving B4 witness separates from refuge traffic and hides inside the forest edge,"Outside at the terminal clock, holding at the last chosen local cover/waypoint. Direct boundary experience discouraged another crossing. Bone had changed this person's movement, but no later completed intended hit reached them. The Mayor's fixed death ends this primary ledger; no cleanup event is inferred.","{""catastrophe"": ""direct: opaque daylight loss"", ""blood"": ""heard: distant crash"", ""bone"": ""direct: precise local attack"", ""barrier"": 4, ""barrier_reports"": [], ""specific_deaths"": [""P10-01"", ""P10-02""], ""witch"": [], ""warnings"": [{""topic"": ""bell"", ""value"": ""Public emergency only"", ""source"": ""church bell"", ""mode"": ""heard""}, {""topic"": ""search"", ""value"": ""Visible thin blood probing the entrance; hiding may be compromised"", ""source"": ""search-CrookedCottage"", ""mode"": ""direct""}, {""topic"": ""search"", ""value"": ""A physically connected probe reacts visibly at this shelter; new arrival or increased pressure"", ""source"": ""search-CrookedCottage"", ""mode"": ""direct""}, {""topic"": ""search"", ""value"": ""Visible thin blood probing the entrance; hiding may be compromised"", ""source"": ""search-SplitRoofCottage"", ""mode"": ""direct""}, {""topic"": ""search"", ""value"": ""A physically connected probe reacts visibly at this shelter; new arrival or increased pressure"", ""source"": ""search-SplitRoofCottage"", ""mode"": ""direct""}, {""topic"": ""search"", ""value"": ""A physically connected probe reacts visibly at this shelter; new arrival or increased pressure"", ""source"": ""search-Cottage_08"", ""mode"": ""direct""}, {""topic"": ""search"", ""value"": ""A physically connected probe reacts visibly at this shelter; new arrival or increased pressure"", ""source"": ""search-Cottage_08"", ""mode"": ""direct""}, {""topic"": ""sound"", ""value"": ""Heavy impact and human cries nearby; exact victims unknown unless seen"", ""source"": ""E483"", ""mode"": ""heard""}, {""topic"": ""sound"", ""value"": ""Heavy impact and human cries nearby; exact victims unknown unless seen"", ""source"": ""E524"", ""mode"": ""heard""}]}","[216, 290, 312.0, 318.0, 332.0, 336.0]","[""Bone C08 shutter pressure"", ""Bone-origin forced flight then local barrier discovery"", ""Bone boundary witness attack""]",Failed V4 experimental outcome; not approved survivor lore.
P10-06,P10,,old-Cottage_01,"[46.6225, 41.0432]",,True,Leave newly compromised shelter for a nearby known refuge after local disagreement,"Outside at the terminal clock, holding at the last chosen local cover/waypoint. The Mayor's fixed death ends this primary ledger; no cleanup event is inferred.","{""catastrophe"": ""direct: opaque daylight loss"", ""blood"": ""direct: overwhelming local strike"", ""bone"": ""unknown"", ""barrier"": 1, ""barrier_reports"": [], ""specific_deaths"": [""P10-05"", ""P10-04""], ""witch"": [], ""warnings"": [{""topic"": ""bell"", ""value"": ""Public emergency only"", ""source"": ""church bell"", ""mode"": ""heard""}, {""topic"": ""cover"", ""value"": ""Shelter damaged; new opening/noise/exposure"", ""source"": ""E069"", ""mode"": ""direct""}, {""topic"": ""search"", ""value"": ""Visible thin blood probing the entrance; hiding may be compromised"", ""source"": ""search-Cottage_01"", ""mode"": ""direct""}, {""topic"": ""search"", ""value"": ""A physically connected probe reacts visibly at this shelter; new arrival or increased pressure"", ""source"": ""search-Cottage_01"", ""mode"": ""direct""}, {""topic"": ""cover"", ""value"": ""Shelter damaged; new opening/noise/exposure"", ""source"": ""E108"", ""mode"": ""direct""}, {""topic"": ""search"", ""value"": ""Visible thin blood probing the entrance; hiding may be compromised"", ""source"": ""search-Cottage_06"", ""mode"": ""direct""}, {""topic"": ""search"", ""value"": ""A physically connected probe reacts visibly at this shelter; new arrival or increased pressure"", ""source"": ""search-Cottage_06"", ""mode"": ""direct""}, {""topic"": ""search"", ""value"": ""A physically connected probe reacts visibly at this shelter; new arrival or increased pressure"", ""source"": ""search-Cottage_06"", ""mode"": ""direct""}, {""topic"": ""cover"", ""value"": ""Shelter damaged; new opening/noise/exposure"", ""source"": ""E267"", ""mode"": ""direct""}, {""topic"": ""search"", ""value"": ""A physically connected probe reacts visibly at this shelter; new arrival or increased pressure"", ""source"": ""search-CrookedCottage"", ""mode"": ""direct""}, {""topic"": ""search"", ""value"": ""Visible thin blood probing the entrance; hiding may be compromised"", ""source"": ""search-SplitRoofCottage"", ""mode"": ""direct""}, {""topic"": ""search"", ""value"": ""A physically connected probe reacts visibly at this shelter; new arrival or increased pressure"", ""source"": ""search-SplitRoofCottage"", ""mode"": ""direct""}, {""topic"": ""search"", ""value"": ""A physically connected probe reacts visibly at this shelter; new arrival or increased pressure"", ""source"": ""search-CrookedCottage"", ""mode"": ""direct""}, {""topic"": ""cover"", ""value"": ""Shelter damaged; new opening/noise/exposure"", ""source"": ""E483"", ""mode"": ""direct""}, {""topic"": ""sound"", ""value"": ""Heavy impact and human cries nearby; exact victims unknown unless seen"", ""source"": ""E524"", ""mode"": ""heard""}]}","[142, 216, 238, 290, 342.0]",[],Failed V4 experimental outcome; not approved survivor lore.
P10-08,P10,,old-Cottage_06-split8,"[25.0991, 84.0009]",,True,Leave newly compromised shelter for a nearby known refuge after local disagreement,"Outside at the terminal clock, still following an interrupted journey. Bone had changed this person's movement, but no later completed intended hit reached them. The Mayor's fixed death ends this primary ledger; no cleanup event is inferred.","{""catastrophe"": ""direct: opaque daylight loss"", ""blood"": ""direct: overwhelming local strike"", ""bone"": ""direct: precise local attack"", ""barrier"": 1, ""barrier_reports"": [], ""specific_deaths"": [""P06-07"", ""P14-04"", ""P10-22"", ""P08-18"", ""P14-01"", ""P10-11"", ""P06-06"", ""P10-12"", ""P10-14"", ""P09-14"", ""P10-13""], ""witch"": [], ""warnings"": [{""topic"": ""bell"", ""value"": ""Public emergency only"", ""source"": ""church bell"", ""mode"": ""heard""}, {""topic"": ""cover"", ""value"": ""Shelter damaged; new opening/noise/exposure"", ""source"": ""E156"", ""mode"": ""direct""}, {""topic"": ""search"", ""value"": ""Visible thin blood probing the entrance; hiding may be compromised"", ""source"": ""search-Cottage_06"", ""mode"": ""direct""}, {""topic"": ""search"", ""value"": ""A physically connected probe reacts visibly at this shelter; new arrival or increased pressure"", ""source"": ""search-Cottage_06"", ""mode"": ""direct""}, {""topic"": ""search"", ""value"": ""A physically connected probe reacts visibly at this shelter; new arrival or increased pressure"", ""source"": ""search-Cottage_06"", ""mode"": ""direct""}, {""topic"": ""search"", ""value"": ""A physically connected probe reacts visibly at this shelter; new arrival or increased pressure"", ""source"": ""search-CollapsedCellarCottage"", ""mode"": ""direct""}, {""topic"": ""cover"", ""value"": ""Shelter damaged; new opening/noise/exposure"", ""source"": ""E267"", ""mode"": ""direct""}, {""topic"": ""search"", ""value"": ""A physically connected probe reacts visibly at this shelter; new arrival or increased pressure"", ""source"": ""search-CrookedCottage"", ""mode"": ""direct""}, {""topic"": ""search"", ""value"": ""A physically connected probe reacts visibly at this shelter; new arrival or increased pressure"", ""source"": ""search-SplitRoofCottage"", ""mode"": ""direct""}, {""topic"": ""search"", ""value"": ""A physically connected probe reacts visibly at this shelter; new arrival or increased pressure"", ""source"": ""search-Cottage_08"", ""mode"": ""direct""}, {""topic"": ""sound"", ""value"": ""Heavy impact and human cries nearby; exact victims unknown unless seen"", ""source"": ""E524"", ""mode"": ""heard""}]}","[184, 216, 258, 300, 314.0, 342.0]","[""Bone eastern interception""]",Failed V4 experimental outcome; not approved survivor lore.
P10-10,P10,,old-Cottage_07-split13,"[23.5, 97.6557]",Church,False,Stay silent and move behind intact inner cover after seeing the probe; outside danger is less understood,"At Church, structural state 2. A probe reached this shelter; detection did not itself authorize a remote attack. No lethal executed attack intersected this person's final shelter/movement after their last relocation. Prior damage was not assumed to kill every occupant; unhit space and departures remained possible.","{""catastrophe"": ""direct: opaque daylight loss"", ""blood"": ""heard: distant crash"", ""bone"": ""direct: precise local attack"", ""barrier"": 1, ""barrier_reports"": [], ""specific_deaths"": [""P14-06""], ""witch"": [], ""warnings"": [{""topic"": ""bell"", ""value"": ""Public emergency only"", ""source"": ""church bell"", ""mode"": ""heard""}, {""topic"": ""cover"", ""value"": ""Shelter damaged; new opening/noise/exposure"", ""source"": ""E108"", ""mode"": ""direct""}, {""topic"": ""search"", ""value"": ""Visible thin blood probing the entrance; hiding may be compromised"", ""source"": ""search-Cottage_07"", ""mode"": ""direct""}, {""topic"": ""search"", ""value"": ""A physically connected probe reacts visibly at this shelter; new arrival or increased pressure"", ""source"": ""search-Cottage_07"", ""mode"": ""direct""}, {""topic"": ""search"", ""value"": ""Visible thin blood probing the entrance; hiding may be compromised"", ""source"": ""search-SplitRoofCottage"", ""mode"": ""direct""}, {""topic"": ""search"", ""value"": ""A physically connected probe reacts visibly at this shelter; new arrival or increased pressure"", ""source"": ""search-SplitRoofCottage"", ""mode"": ""direct""}, {""topic"": ""search"", ""value"": ""A physically connected probe reacts visibly at this shelter; new arrival or increased pressure"", ""source"": ""search-Cottage_08"", ""mode"": ""direct""}, {""topic"": ""search"", ""value"": ""A physically connected probe reacts visibly at this shelter; new arrival or increased pressure"", ""source"": ""search-Cottage_08"", ""mode"": ""direct""}, {""topic"": ""cover"", ""value"": ""Shelter damaged; new opening/noise/exposure"", ""source"": ""E521"", ""mode"": ""direct""}]}","[142, 290, 312.0]",[],Failed V4 experimental outcome; not approved survivor lore.
P10-17,P10,M09,children-yard,"[1.8053, 88.767]",Cottage_03,False,Leave newly compromised shelter for a nearby known refuge after local disagreement,"At Cottage_03, structural state 0. A probe reached this shelter; detection did not itself authorize a remote attack. No lethal executed attack intersected this person's final shelter/movement after their last relocation. The remaining roof/cover and separation from Blood's body retained protection.","{""catastrophe"": ""direct: opaque daylight loss"", ""blood"": ""heard: public attack and warnings"", ""bone"": ""direct: precise local attack"", ""barrier"": 1, ""barrier_reports"": [], ""specific_deaths"": [""P10-21"", ""P13-01""], ""witch"": [], ""warnings"": [{""topic"": ""bell"", ""value"": ""Public emergency only"", ""source"": ""church bell"", ""mode"": ""heard""}, {""topic"": ""cover"", ""value"": ""Shelter damaged; new opening/noise/exposure"", ""source"": ""E108"", ""mode"": ""direct""}, {""topic"": ""search"", ""value"": ""Visible thin blood probing the entrance; hiding may be compromised"", ""source"": ""search-Cottage_07"", ""mode"": ""direct""}, {""topic"": ""search"", ""value"": ""A physically connected probe reacts visibly at this shelter; new arrival or increased pressure"", ""source"": ""search-Cottage_07"", ""mode"": ""direct""}, {""topic"": ""cover"", ""value"": ""Shelter damaged; new opening/noise/exposure"", ""source"": ""E199"", ""mode"": ""direct""}, {""topic"": ""sound"", ""value"": ""Heavy impact and human cries nearby; exact victims unknown unless seen"", ""source"": ""E203"", ""mode"": ""heard""}, {""topic"": ""injury"", ""value"": ""P12-14"", ""source"": ""E252"", ""mode"": ""direct""}, {""topic"": ""search"", ""value"": ""Visible thin blood probing the entrance; hiding may be compromised"", ""source"": ""search-Church"", ""mode"": ""direct""}, {""topic"": ""search"", ""value"": ""A physically connected probe reacts visibly at this shelter; new arrival or increased pressure"", ""source"": ""search-Church"", ""mode"": ""direct""}, {""topic"": ""cover"", ""value"": ""Shelter damaged; new opening/noise/exposure"", ""source"": ""E388"", ""mode"": ""direct""}]}","[90, 174, 180, 188, 196, 290]","[""Bone family refuge denial"", ""Bone caregiver attack"", ""Bone pursuit"", ""Bone church helper injury""]",Failed V4 experimental outcome; not approved survivor lore.
P10-18,P10,M09,children-yard,"[1.8053, 88.767]",Cottage_03,False,Leave newly compromised shelter for a nearby known refuge after local disagreement,"At Cottage_03, structural state 0. A probe reached this shelter; detection did not itself authorize a remote attack. No lethal executed attack intersected this person's final shelter/movement after their last relocation. The remaining roof/cover and separation from Blood's body retained protection.","{""catastrophe"": ""direct: opaque daylight loss"", ""blood"": ""heard: public attack and warnings"", ""bone"": ""direct: precise local attack"", ""barrier"": 1, ""barrier_reports"": [], ""specific_deaths"": [""P10-21"", ""P13-01""], ""witch"": [], ""warnings"": [{""topic"": ""bell"", ""value"": ""Public emergency only"", ""source"": ""church bell"", ""mode"": ""heard""}, {""topic"": ""cover"", ""value"": ""Shelter damaged; new opening/noise/exposure"", ""source"": ""E108"", ""mode"": ""direct""}, {""topic"": ""search"", ""value"": ""Visible thin blood probing the entrance; hiding may be compromised"", ""source"": ""search-Cottage_07"", ""mode"": ""direct""}, {""topic"": ""search"", ""value"": ""A physically connected probe reacts visibly at this shelter; new arrival or increased pressure"", ""source"": ""search-Cottage_07"", ""mode"": ""direct""}, {""topic"": ""cover"", ""value"": ""Shelter damaged; new opening/noise/exposure"", ""source"": ""E199"", ""mode"": ""direct""}, {""topic"": ""sound"", ""value"": ""Heavy impact and human cries nearby; exact victims unknown unless seen"", ""source"": ""E203"", ""mode"": ""heard""}, {""topic"": ""injury"", ""value"": ""P12-14"", ""source"": ""E252"", ""mode"": ""direct""}, {""topic"": ""search"", ""value"": ""Visible thin blood probing the entrance; hiding may be compromised"", ""source"": ""search-Church"", ""mode"": ""direct""}, {""topic"": ""search"", ""value"": ""A physically connected probe reacts visibly at this shelter; new arrival or increased pressure"", ""source"": ""search-Church"", ""mode"": ""direct""}, {""topic"": ""cover"", ""value"": ""Shelter damaged; new opening/noise/exposure"", ""source"": ""E388"", ""mode"": ""direct""}]}","[90, 174, 180, 188, 196, 290]","[""Bone family refuge denial"", ""Bone caregiver attack"", ""Bone pursuit"", ""Bone church helper injury""]",Failed V4 experimental outcome; not approved survivor lore.
P10-19,P10,M09,children-yard,"[1.8053, 88.767]",Cottage_03,False,Leave newly compromised shelter for a nearby known refuge after local disagreement,"At Cottage_03, structural state 0. A probe reached this shelter; detection did not itself authorize a remote attack. No lethal executed attack intersected this person's final shelter/movement after their last relocation. The remaining roof/cover and separation from Blood's body retained protection.","{""catastrophe"": ""direct: opaque daylight loss"", ""blood"": ""heard: public attack and warnings"", ""bone"": ""direct: precise local attack"", ""barrier"": 1, ""barrier_reports"": [], ""specific_deaths"": [""P10-21"", ""P13-01""], ""witch"": [], ""warnings"": [{""topic"": ""bell"", ""value"": ""Public emergency only"", ""source"": ""church bell"", ""mode"": ""heard""}, {""topic"": ""cover"", ""value"": ""Shelter damaged; new opening/noise/exposure"", ""source"": ""E108"", ""mode"": ""direct""}, {""topic"": ""search"", ""value"": ""Visible thin blood probing the entrance; hiding may be compromised"", ""source"": ""search-Cottage_07"", ""mode"": ""direct""}, {""topic"": ""search"", ""value"": ""A physically connected probe reacts visibly at this shelter; new arrival or increased pressure"", ""source"": ""search-Cottage_07"", ""mode"": ""direct""}, {""topic"": ""cover"", ""value"": ""Shelter damaged; new opening/noise/exposure"", ""source"": ""E199"", ""mode"": ""direct""}, {""topic"": ""sound"", ""value"": ""Heavy impact and human cries nearby; exact victims unknown unless seen"", ""source"": ""E203"", ""mode"": ""heard""}, {""topic"": ""injury"", ""value"": ""P12-14"", ""source"": ""E252"", ""mode"": ""direct""}, {""topic"": ""search"", ""value"": ""Visible thin blood probing the entrance; hiding may be compromised"", ""source"": ""search-Church"", ""mode"": ""direct""}, {""topic"": ""search"", ""value"": ""A physically connected probe reacts visibly at this shelter; new arrival or increased pressure"", ""source"": ""search-Church"", ""mode"": ""direct""}, {""topic"": ""cover"", ""value"": ""Shelter damaged; new opening/noise/exposure"", ""source"": ""E388"", ""mode"": ""direct""}]}","[90, 174, 180, 188, 196, 290]","[""Bone family refuge denial"", ""Bone caregiver attack"", ""Bone pursuit"", ""Bone church helper injury""]",Failed V4 experimental outcome; not approved survivor lore.
P10-20,P10,M09,children-yard,"[1.8053, 88.767]",Cottage_03,False,Leave newly compromised shelter for a nearby known refuge after local disagreement,"At Cottage_03, structural state 0. A probe reached this shelter; detection did not itself authorize a remote attack. No lethal executed attack intersected this person's final shelter/movement after their last relocation. The remaining roof/cover and separation from Blood's body retained protection.","{""catastrophe"": ""direct: opaque daylight loss"", ""blood"": ""heard: public attack and warnings"", ""bone"": ""direct: precise local attack"", ""barrier"": 1, ""barrier_reports"": [], ""specific_deaths"": [""P10-21"", ""P13-01""], ""witch"": [], ""warnings"": [{""topic"": ""bell"", ""value"": ""Public emergency only"", ""source"": ""church bell"", ""mode"": ""heard""}, {""topic"": ""cover"", ""value"": ""Shelter damaged; new opening/noise/exposure"", ""source"": ""E108"", ""mode"": ""direct""}, {""topic"": ""search"", ""value"": ""Visible thin blood probing the entrance; hiding may be compromised"", ""source"": ""search-Cottage_07"", ""mode"": ""direct""}, {""topic"": ""search"", ""value"": ""A physically connected probe reacts visibly at this shelter; new arrival or increased pressure"", ""source"": ""search-Cottage_07"", ""mode"": ""direct""}, {""topic"": ""cover"", ""value"": ""Shelter damaged; new opening/noise/exposure"", ""source"": ""E199"", ""mode"": ""direct""}, {""topic"": ""sound"", ""value"": ""Heavy impact and human cries nearby; exact victims unknown unless seen"", ""source"": ""E203"", ""mode"": ""heard""}, {""topic"": ""injury"", ""value"": ""P12-14"", ""source"": ""E252"", ""mode"": ""direct""}, {""topic"": ""search"", ""value"": ""Visible thin blood probing the entrance; hiding may be compromised"", ""source"": ""search-Church"", ""mode"": ""direct""}, {""topic"": ""search"", ""value"": ""A physically connected probe reacts visibly at this shelter; new arrival or increased pressure"", ""source"": ""search-Church"", ""mode"": ""direct""}, {""topic"": ""cover"", ""value"": ""Shelter damaged; new opening/noise/exposure"", ""source"": ""E388"", ""mode"": ""direct""}]}","[90, 174, 180, 188, 196, 290]","[""Bone family refuge denial"", ""Bone caregiver attack"", ""Bone pursuit"", ""Bone church helper injury""]",Failed V4 experimental outcome; not approved survivor lore.
P11-03,P11,,west-RearCottage-split14,"[-41.2321, 38.284]",WeaverCottage,False,Leave newly compromised shelter for a nearby known refuge after local disagreement,"At WeaverCottage, structural state 0. A probe reached this shelter; detection did not itself authorize a remote attack. No lethal executed attack intersected this person's final shelter/movement after their last relocation. The remaining roof/cover and separation from Blood's body retained protection.","{""catastrophe"": ""direct: opaque daylight loss"", ""blood"": ""heard: indistinct crash"", ""bone"": ""unknown"", ""barrier"": 1, ""barrier_reports"": [], ""specific_deaths"": [], ""witch"": [], ""warnings"": [{""topic"": ""bell"", ""value"": ""Public emergency only"", ""source"": ""church bell"", ""mode"": ""heard""}, {""topic"": ""search"", ""value"": ""Visible thin blood probing the entrance; hiding may be compromised"", ""source"": ""search-RearCottage"", ""mode"": ""direct""}, {""topic"": ""search"", ""value"": ""A physically connected probe reacts visibly at this shelter; new arrival or increased pressure"", ""source"": ""search-RearCottage"", ""mode"": ""direct""}, {""topic"": ""search"", ""value"": ""A physically connected probe reacts visibly at this shelter; new arrival or increased pressure"", ""source"": ""search-Cottage_05"", ""mode"": ""direct""}, {""topic"": ""search"", ""value"": ""Visible thin blood probing the entrance; hiding may be compromised"", ""source"": ""search-Cottage_05"", ""mode"": ""direct""}]}","[312.0, 342.0]",[],Failed V4 experimental outcome; not approved survivor lore.
P11-04,P11,,west-RearCottage,"[-45.3497, 62.5928]",RearCottage,False,Remaining occupants barricade and keep quiet; refusal to leave is ordinary fear,"At RearCottage, structural state 0. A probe reached this shelter; detection did not itself authorize a remote attack. No lethal executed attack intersected this person's final shelter/movement after their last relocation. The remaining roof/cover and separation from Blood's body retained protection.","{""catastrophe"": ""direct: opaque daylight loss"", ""blood"": ""heard: indistinct crash"", ""bone"": ""unknown"", ""barrier"": 1, ""barrier_reports"": [], ""specific_deaths"": [], ""witch"": [], ""warnings"": [{""topic"": ""bell"", ""value"": ""Public emergency only"", ""source"": ""church bell"", ""mode"": ""heard""}, {""topic"": ""search"", ""value"": ""Visible thin blood probing the entrance; hiding may be compromised"", ""source"": ""search-RearCottage"", ""mode"": ""direct""}, {""topic"": ""search"", ""value"": ""A physically connected probe reacts visibly at this shelter; new arrival or increased pressure"", ""source"": ""search-RearCottage"", ""mode"": ""direct""}]}",[],[],Failed V4 experimental outcome; not approved survivor lore.
P11-05,P11,,west-EndRowCottage,"[14.5697, 86.9638]",,False,Take the remaining side of the public approach after Bone blocks the attempted entrance,"Outside at the terminal clock, still following an interrupted journey. Bone had changed this person's movement, but no later completed intended hit reached them. The Mayor's fixed death ends this primary ledger; no cleanup event is inferred.","{""catastrophe"": ""direct: opaque daylight loss"", ""blood"": ""heard: indistinct crash"", ""bone"": ""direct: local precise predator pressure"", ""barrier"": 1, ""barrier_reports"": [{""stage"": 4, ""source"": ""foresters"", ""t"": 151}, {""stage"": 4, ""source"": ""foresters"", ""t"": 196}], ""specific_deaths"": [""P14-03""], ""witch"": [], ""warnings"": [{""topic"": ""bell"", ""value"": ""Public emergency only"", ""source"": ""church bell"", ""mode"": ""heard""}, {""topic"": ""search"", ""value"": ""Visible thin blood probing the entrance; hiding may be compromised"", ""source"": ""search-EndRowCottage"", ""mode"": ""direct""}, {""topic"": ""search"", ""value"": ""A physically connected probe reacts visibly at this shelter; new arrival or increased pressure"", ""source"": ""search-EndRowCottage"", ""mode"": ""direct""}, {""topic"": ""sound"", ""value"": ""Heavy impact and human cries nearby; exact victims unknown unless seen"", ""source"": ""E483"", ""mode"": ""heard""}, {""topic"": ""cover"", ""value"": ""Shelter damaged; new opening/noise/exposure"", ""source"": ""E521"", ""mode"": ""direct""}]}","[312.0, 358.0]","[""Bone final doorway denial""]",Failed V4 experimental outcome; not approved survivor lore.
P11-06,P11,,west-EndRowCottage,"[14.5697, 86.9638]",,False,Take the remaining side of the public approach after Bone blocks the attempted entrance,"Outside at the terminal clock, still following an interrupted journey. Bone had changed this person's movement, but no later completed intended hit reached them. The Mayor's fixed death ends this primary ledger; no cleanup event is inferred.","{""catastrophe"": ""direct: opaque daylight loss"", ""blood"": ""heard: indistinct crash"", ""bone"": ""direct: local precise predator pressure"", ""barrier"": 1, ""barrier_reports"": [{""stage"": 4, ""source"": ""foresters"", ""t"": 151}, {""stage"": 4, ""source"": ""foresters"", ""t"": 196}], ""specific_deaths"": [""P14-03""], ""witch"": [], ""warnings"": [{""topic"": ""bell"", ""value"": ""Public emergency only"", ""source"": ""church bell"", ""mode"": ""heard""}, {""topic"": ""search"", ""value"": ""Visible thin blood probing the entrance; hiding may be compromised"", ""source"": ""search-EndRowCottage"", ""mode"": ""direct""}, {""topic"": ""search"", ""value"": ""A physically connected probe reacts visibly at this shelter; new arrival or increased pressure"", ""source"": ""search-EndRowCottage"", ""mode"": ""direct""}, {""topic"": ""sound"", ""value"": ""Heavy impact and human cries nearby; exact victims unknown unless seen"", ""source"": ""E483"", ""mode"": ""heard""}, {""topic"": ""cover"", ""value"": ""Shelter damaged; new opening/noise/exposure"", ""source"": ""E521"", ""mode"": ""direct""}]}","[312.0, 358.0]","[""Bone final doorway denial""]",Failed V4 experimental outcome; not approved survivor lore.
P11-07,P11,,west-WeaverCottage-split14,"[-41.2321, 38.284]",WeaverCottage,False,Leave newly compromised shelter for a nearby known refuge after local disagreement,"At WeaverCottage, structural state 0. A probe reached this shelter; detection did not itself authorize a remote attack. No lethal executed attack intersected this person's final shelter/movement after their last relocation. The remaining roof/cover and separation from Blood's body retained protection.","{""catastrophe"": ""direct: opaque daylight loss"", ""blood"": ""heard: indistinct crash"", ""bone"": ""unknown"", ""barrier"": 1, ""barrier_reports"": [], ""specific_deaths"": [], ""witch"": [], ""warnings"": [{""topic"": ""bell"", ""value"": ""Public emergency only"", ""source"": ""church bell"", ""mode"": ""heard""}, {""topic"": ""search"", ""value"": ""Visible thin blood probing the entrance; hiding may be compromised"", ""source"": ""search-WeaverCottage"", ""mode"": ""direct""}, {""topic"": ""search"", ""value"": ""A physically connected probe reacts visibly at this shelter; new arrival or increased pressure"", ""source"": ""search-WeaverCottage"", ""mode"": ""direct""}, {""topic"": ""search"", ""value"": ""A physically connected probe reacts visibly at this shelter; new arrival or increased pressure"", ""source"": ""search-Cottage_05"", ""mode"": ""direct""}, {""topic"": ""search"", ""value"": ""Visible thin blood probing the entrance; hiding may be compromised"", ""source"": ""search-Cottage_05"", ""mode"": ""direct""}]}","[300, 342.0]",[],Failed V4 experimental outcome; not approved survivor lore.
P11-08,P11,,west-WeaverCottage,"[-41.2321, 38.284]",WeaverCottage,False,Remaining occupants barricade and keep quiet; refusal to leave is ordinary fear,"At WeaverCottage, structural state 0. A probe reached this shelter; detection did not itself authorize a remote attack. No lethal executed attack intersected this person's final shelter/movement after their last relocation. The remaining roof/cover and separation from Blood's body retained protection.","{""catastrophe"": ""direct: opaque daylight loss"", ""blood"": ""heard: indistinct crash"", ""bone"": ""unknown"", ""barrier"": 1, ""barrier_reports"": [], ""specific_deaths"": [], ""witch"": [], ""warnings"": [{""topic"": ""bell"", ""value"": ""Public emergency only"", ""source"": ""church bell"", ""mode"": ""heard""}, {""topic"": ""search"", ""value"": ""Visible thin blood probing the entrance; hiding may be compromised"", ""source"": ""search-WeaverCottage"", ""mode"": ""direct""}, {""topic"": ""search"", ""value"": ""A physically connected probe reacts visibly at this shelter; new arrival or increased pressure"", ""source"": ""search-WeaverCottage"", ""mode"": ""direct""}]}",[],[],Failed V4 experimental outcome; not approved survivor lore.
P11-11,P11,,west-Cottage_05,"[-41.2321, 38.284]",WeaverCottage,False,Leave newly compromised shelter for a nearby known refuge after local disagreement,"At WeaverCottage, structural state 0. A probe reached this shelter; detection did not itself authorize a remote attack. No lethal executed attack intersected this person's final shelter/movement after their last relocation. The remaining roof/cover and separation from Blood's body retained protection.","{""catastrophe"": ""direct: opaque daylight loss"", ""blood"": ""heard: indistinct crash"", ""bone"": ""unknown"", ""barrier"": 1, ""barrier_reports"": [], ""specific_deaths"": [], ""witch"": [], ""warnings"": [{""topic"": ""bell"", ""value"": ""Public emergency only"", ""source"": ""church bell"", ""mode"": ""heard""}, {""topic"": ""search"", ""value"": ""Visible thin blood probing the entrance; hiding may be compromised"", ""source"": ""search-Cottage_05"", ""mode"": ""direct""}, {""topic"": ""search"", ""value"": ""A physically connected probe reacts visibly at this shelter; new arrival or increased pressure"", ""source"": ""search-Cottage_05"", ""mode"": ""direct""}, {""topic"": ""search"", ""value"": ""Visible thin blood probing the entrance; hiding may be compromised"", ""source"": ""search-WeaverCottage"", ""mode"": ""direct""}, {""topic"": ""search"", ""value"": ""A physically connected probe reacts visibly at this shelter; new arrival or increased pressure"", ""source"": ""search-WeaverCottage"", ""mode"": ""direct""}, {""topic"": ""search"", ""value"": ""A physically connected probe reacts visibly at this shelter; new arrival or increased pressure"", ""source"": ""search-Cottage_10"", ""mode"": ""direct""}]}","[142, 300, 312.0]",[],Failed V4 experimental outcome; not approved survivor lore.
P11-12,P11,,west-Cottage_05,"[-41.2321, 38.284]",WeaverCottage,False,Leave newly compromised shelter for a nearby known refuge after local disagreement,"At WeaverCottage, structural state 0. A probe reached this shelter; detection did not itself authorize a remote attack. No lethal executed attack intersected this person's final shelter/movement after their last relocation. The remaining roof/cover and separation from Blood's body retained protection.","{""catastrophe"": ""direct: opaque daylight loss"", ""blood"": ""heard: indistinct crash"", ""bone"": ""unknown"", ""barrier"": 1, ""barrier_reports"": [], ""specific_deaths"": [], ""witch"": [], ""warnings"": [{""topic"": ""bell"", ""value"": ""Public emergency only"", ""source"": ""church bell"", ""mode"": ""heard""}, {""topic"": ""search"", ""value"": ""Visible thin blood probing the entrance; hiding may be compromised"", ""source"": ""search-Cottage_05"", ""mode"": ""direct""}, {""topic"": ""search"", ""value"": ""A physically connected probe reacts visibly at this shelter; new arrival or increased pressure"", ""source"": ""search-Cottage_05"", ""mode"": ""direct""}, {""topic"": ""search"", ""value"": ""Visible thin blood probing the entrance; hiding may be compromised"", ""source"": ""search-WeaverCottage"", ""mode"": ""direct""}, {""topic"": ""search"", ""value"": ""A physically connected probe reacts visibly at this shelter; new arrival or increased pressure"", ""source"": ""search-WeaverCottage"", ""mode"": ""direct""}, {""topic"": ""search"", ""value"": ""A physically connected probe reacts visibly at this shelter; new arrival or increased pressure"", ""source"": ""search-Cottage_10"", ""mode"": ""direct""}]}","[142, 300, 312.0]",[],Failed V4 experimental outcome; not approved survivor lore.
P11-14,P11,,west-Cottage_10,"[-41.2321, 38.284]",WeaverCottage,False,Leave newly compromised shelter for a nearby known refuge after local disagreement,"At WeaverCottage, structural state 0. A probe reached this shelter; detection did not itself authorize a remote attack. No lethal executed attack intersected this person's final shelter/movement after their last relocation. The remaining roof/cover and separation from Blood's body retained protection.","{""catastrophe"": ""direct: opaque daylight loss"", ""blood"": ""heard: indistinct crash"", ""bone"": ""unknown"", ""barrier"": 1, ""barrier_reports"": [], ""specific_deaths"": [], ""witch"": [], ""warnings"": [{""topic"": ""bell"", ""value"": ""Public emergency only"", ""source"": ""church bell"", ""mode"": ""heard""}, {""topic"": ""search"", ""value"": ""Visible thin blood probing the entrance; hiding may be compromised"", ""source"": ""search-Cottage_10"", ""mode"": ""direct""}, {""topic"": ""search"", ""value"": ""A physically connected probe reacts visibly at this shelter; new arrival or increased pressure"", ""source"": ""search-Cottage_10"", ""mode"": ""direct""}, {""topic"": ""search"", ""value"": ""A physically connected probe reacts visibly at this shelter; new arrival or increased pressure"", ""source"": ""search-CrushedHome"", ""mode"": ""direct""}, {""topic"": ""cover"", ""value"": ""Shelter damaged; new opening/noise/exposure"", ""source"": ""E177"", ""mode"": ""direct""}, {""topic"": ""cover"", ""value"": ""Shelter damaged; new opening/noise/exposure"", ""source"": ""E203"", ""mode"": ""direct""}, {""topic"": ""search"", ""value"": ""A physically connected probe reacts visibly at this shelter; new arrival or increased pressure"", ""source"": ""search-Cottage_10"", ""mode"": ""direct""}, {""topic"": ""search"", ""value"": ""A physically connected probe reacts visibly at this shelter; new arrival or increased pressure"", ""source"": ""search-Cottage_10"", ""mode"": ""direct""}]}","[142, 176, 312.0]",[],Failed V4 experimental outcome; not approved survivor lore.
P11-19,P11,,west-yard-trades,"[-37.8993, 50.7618]",Cottage_05,False,Stay silent and move behind intact inner cover after seeing the probe; outside danger is less understood,"At Cottage_05, structural state 0. A probe reached this shelter; detection did not itself authorize a remote attack. No lethal executed attack intersected this person's final shelter/movement after their last relocation. The remaining roof/cover and separation from Blood's body retained protection.","{""catastrophe"": ""direct: opaque daylight loss"", ""blood"": ""heard: impact"", ""bone"": ""unknown"", ""barrier"": 1, ""barrier_reports"": [], ""specific_deaths"": [], ""witch"": [], ""warnings"": [{""topic"": ""bell"", ""value"": ""Public emergency only"", ""source"": ""church bell"", ""mode"": ""heard""}, {""topic"": ""search"", ""value"": ""Visible thin blood probing the entrance; hiding may be compromised"", ""source"": ""search-Cottage_05"", ""mode"": ""direct""}, {""topic"": ""search"", ""value"": ""A physically connected probe reacts visibly at this shelter; new arrival or increased pressure"", ""source"": ""search-Cottage_05"", ""mode"": ""direct""}, {""topic"": ""search"", ""value"": ""A physically connected probe reacts visibly at this shelter; new arrival or increased pressure"", ""source"": ""search-Cottage_05"", ""mode"": ""direct""}, {""topic"": ""search"", ""value"": ""A physically connected probe reacts visibly at this shelter; new arrival or increased pressure"", ""source"": ""search-Cottage_05"", ""mode"": ""direct""}, {""topic"": ""search"", ""value"": ""Visible thin blood probing the entrance; hiding may be compromised"", ""source"": ""search-Cottage_05"", ""mode"": ""direct""}]}",[90],[],Failed V4 experimental outcome; not approved survivor lore.
P11-20,P11,,west-yard-trades,"[-37.8993, 50.7618]",Cottage_05,False,Stay silent and move behind intact inner cover after seeing the probe; outside danger is less understood,"At Cottage_05, structural state 0. A probe reached this shelter; detection did not itself authorize a remote attack. No lethal executed attack intersected this person's final shelter/movement after their last relocation. The remaining roof/cover and separation from Blood's body retained protection.","{""catastrophe"": ""direct: opaque daylight loss"", ""blood"": ""heard: impact"", ""bone"": ""unknown"", ""barrier"": 1, ""barrier_reports"": [], ""specific_deaths"": [], ""witch"": [], ""warnings"": [{""topic"": ""bell"", ""value"": ""Public emergency only"", ""source"": ""church bell"", ""mode"": ""heard""}, {""topic"": ""search"", ""value"": ""Visible thin blood probing the entrance; hiding may be compromised"", ""source"": ""search-Cottage_05"", ""mode"": ""direct""}, {""topic"": ""search"", ""value"": ""A physically connected probe reacts visibly at this shelter; new arrival or increased pressure"", ""source"": ""search-Cottage_05"", ""mode"": ""direct""}, {""topic"": ""search"", ""value"": ""A physically connected probe reacts visibly at this shelter; new arrival or increased pressure"", ""source"": ""search-Cottage_05"", ""mode"": ""direct""}, {""topic"": ""search"", ""value"": ""A physically connected probe reacts visibly at this shelter; new arrival or increased pressure"", ""source"": ""search-Cottage_05"", ""mode"": ""direct""}, {""topic"": ""search"", ""value"": ""Visible thin blood probing the entrance; hiding may be compromised"", ""source"": ""search-Cottage_05"", ""mode"": ""direct""}]}",[90],[],Failed V4 experimental outcome; not approved survivor lore.
P11-21,P11,,west-shortcut,"[-48.8175, 77.1379]",EndRowCottage,False,Stay silent and move behind intact inner cover after seeing the probe; outside danger is less understood,"At EndRowCottage, structural state 0. A probe reached this shelter; detection did not itself authorize a remote attack. No lethal executed attack intersected this person's final shelter/movement after their last relocation. The remaining roof/cover and separation from Blood's body retained protection.","{""catastrophe"": ""direct: opaque daylight loss"", ""blood"": ""unknown"", ""bone"": ""unknown"", ""barrier"": 2, ""barrier_reports"": [{""stage"": 4, ""source"": ""foresters"", ""t"": 151}, {""stage"": 4, ""source"": ""foresters"", ""t"": 196}], ""specific_deaths"": [], ""witch"": [], ""warnings"": [""forest crew inferred enclosure"", {""topic"": ""bell"", ""value"": ""Public emergency only"", ""source"": ""church bell"", ""mode"": ""heard""}, {""topic"": ""search"", ""value"": ""Visible thin blood probing the entrance; hiding may be compromised"", ""source"": ""search-EndRowCottage"", ""mode"": ""direct""}, {""topic"": ""search"", ""value"": ""A physically connected probe reacts visibly at this shelter; new arrival or increased pressure"", ""source"": ""search-EndRowCottage"", ""mode"": ""direct""}]}",[90],[],Failed V4 experimental outcome; not approved survivor lore.
P11-22,P11,,west-shortcut,"[-48.8175, 77.1379]",EndRowCottage,False,Stay silent and move behind intact inner cover after seeing the probe; outside danger is less understood,"At EndRowCottage, structural state 0. A probe reached this shelter; detection did not itself authorize a remote attack. No lethal executed attack intersected this person's final shelter/movement after their last relocation. The remaining roof/cover and separation from Blood's body retained protection.","{""catastrophe"": ""direct: opaque daylight loss"", ""blood"": ""unknown"", ""bone"": ""unknown"", ""barrier"": 2, ""barrier_reports"": [{""stage"": 4, ""source"": ""foresters"", ""t"": 151}, {""stage"": 4, ""source"": ""foresters"", ""t"": 196}], ""specific_deaths"": [], ""witch"": [], ""warnings"": [""forest crew inferred enclosure"", {""topic"": ""bell"", ""value"": ""Public emergency only"", ""source"": ""church bell"", ""mode"": ""heard""}, {""topic"": ""search"", ""value"": ""Visible thin blood probing the entrance; hiding may be compromised"", ""source"": ""search-EndRowCottage"", ""mode"": ""direct""}, {""topic"": ""search"", ""value"": ""A physically connected probe reacts visibly at this shelter; new arrival or increased pressure"", ""source"": ""search-EndRowCottage"", ""mode"": ""direct""}]}",[90],[],Failed V4 experimental outcome; not approved survivor lore.
P12-01,P12,,upper-AbandonedCottage,"[7.288, 70.891]",Cottage_11,False,Stay silent and move behind intact inner cover after seeing the probe; outside danger is less understood,"At Cottage_11, structural state 0. A probe reached this shelter; detection did not itself authorize a remote attack. No lethal executed attack intersected this person's final shelter/movement after their last relocation. The remaining roof/cover and separation from Blood's body retained protection.","{""catastrophe"": ""direct: opaque daylight loss"", ""blood"": ""unknown"", ""bone"": ""unknown"", ""barrier"": 1, ""barrier_reports"": [], ""specific_deaths"": [], ""witch"": [], ""warnings"": [{""topic"": ""bell"", ""value"": ""Public emergency only"", ""source"": ""church bell"", ""mode"": ""heard""}, {""topic"": ""cover"", ""value"": ""Shelter damaged; new opening/noise/exposure"", ""source"": ""E177"", ""mode"": ""direct""}, {""topic"": ""sound"", ""value"": ""Heavy impact and human cries nearby; exact victims unknown unless seen"", ""source"": ""E203"", ""mode"": ""heard""}, {""topic"": ""search"", ""value"": ""A physically connected probe reacts visibly at this shelter; new arrival or increased pressure"", ""source"": ""search-Cottage_11"", ""mode"": ""direct""}, {""topic"": ""search"", ""value"": ""A physically connected probe reacts visibly at this shelter; new arrival or increased pressure"", ""source"": ""search-Cottage_11"", ""mode"": ""direct""}, {""topic"": ""search"", ""value"": ""Visible thin blood probing the entrance; hiding may be compromised"", ""source"": ""search-Cottage_11"", ""mode"": ""direct""}]}",[168],[],Failed V4 experimental outcome; not approved survivor lore.
P12-02,P12,,upper-AbandonedCottage,"[7.288, 70.891]",Cottage_11,False,Stay silent and move behind intact inner cover after seeing the probe; outside danger is less understood,"At Cottage_11, structural state 0. A probe reached this shelter; detection did not itself authorize a remote attack. No lethal executed attack intersected this person's final shelter/movement after their last relocation. The remaining roof/cover and separation from Blood's body retained protection.","{""catastrophe"": ""direct: opaque daylight loss"", ""blood"": ""unknown"", ""bone"": ""unknown"", ""barrier"": 1, ""barrier_reports"": [], ""specific_deaths"": [], ""witch"": [], ""warnings"": [{""topic"": ""bell"", ""value"": ""Public emergency only"", ""source"": ""church bell"", ""mode"": ""heard""}, {""topic"": ""cover"", ""value"": ""Shelter damaged; new opening/noise/exposure"", ""source"": ""E177"", ""mode"": ""direct""}, {""topic"": ""sound"", ""value"": ""Heavy impact and human cries nearby; exact victims unknown unless seen"", ""source"": ""E203"", ""mode"": ""heard""}, {""topic"": ""search"", ""value"": ""A physically connected probe reacts visibly at this shelter; new arrival or increased pressure"", ""source"": ""search-Cottage_11"", ""mode"": ""direct""}, {""topic"": ""search"", ""value"": ""A physically connected probe reacts visibly at this shelter; new arrival or increased pressure"", ""source"": ""search-Cottage_11"", ""mode"": ""direct""}, {""topic"": ""search"", ""value"": ""Visible thin blood probing the entrance; hiding may be compromised"", ""source"": ""search-Cottage_11"", ""mode"": ""direct""}]}",[168],[],Failed V4 experimental outcome; not approved survivor lore.
P12-03,P12,,upper-UpperCottage-split13,"[1.8053, 88.767]",Cottage_03,False,Leave newly compromised shelter for a nearby known refuge after local disagreement,"At Cottage_03, structural state 0. A probe reached this shelter; detection did not itself authorize a remote attack. No lethal executed attack intersected this person's final shelter/movement after their last relocation. The remaining roof/cover and separation from Blood's body retained protection.","{""catastrophe"": ""direct: opaque daylight loss"", ""blood"": ""unknown"", ""bone"": ""direct: precise local attack"", ""barrier"": 1, ""barrier_reports"": [], ""specific_deaths"": [""P13-01""], ""witch"": [], ""warnings"": [{""topic"": ""bell"", ""value"": ""Public emergency only"", ""source"": ""church bell"", ""mode"": ""heard""}, {""topic"": ""sound"", ""value"": ""Heavy impact and human cries nearby; exact victims unknown unless seen"", ""source"": ""E108"", ""mode"": ""heard""}, {""topic"": ""search"", ""value"": ""Visible thin blood probing the entrance; hiding may be compromised"", ""source"": ""search-Church"", ""mode"": ""direct""}, {""topic"": ""search"", ""value"": ""A physically connected probe reacts visibly at this shelter; new arrival or increased pressure"", ""source"": ""search-Church"", ""mode"": ""direct""}, {""topic"": ""cover"", ""value"": ""Shelter damaged; new opening/noise/exposure"", ""source"": ""E388"", ""mode"": ""direct""}]}","[130, 290]","[""E388""]",Failed V4 experimental outcome; not approved survivor lore.
P12-04,P12,,upper-UpperCottage,"[11.8317, 95.6105]",,False,Leave newly compromised shelter for a nearby known refuge after local disagreement,"Outside at the terminal clock, still following an interrupted journey. Bone had changed this person's movement, but no later completed intended hit reached them. The Mayor's fixed death ends this primary ledger; no cleanup event is inferred.","{""catastrophe"": ""direct: opaque daylight loss"", ""blood"": ""unknown"", ""bone"": ""unknown"", ""barrier"": 1, ""barrier_reports"": [], ""specific_deaths"": [], ""witch"": [], ""warnings"": [{""topic"": ""bell"", ""value"": ""Public emergency only"", ""source"": ""church bell"", ""mode"": ""heard""}, {""topic"": ""sound"", ""value"": ""Heavy impact and human cries nearby; exact victims unknown unless seen"", ""source"": ""E108"", ""mode"": ""heard""}, {""topic"": ""search"", ""value"": ""Visible thin blood probing the entrance; hiding may be compromised"", ""source"": ""search-Church"", ""mode"": ""direct""}, {""topic"": ""search"", ""value"": ""A physically connected probe reacts visibly at this shelter; new arrival or increased pressure"", ""source"": ""search-Church"", ""mode"": ""direct""}, {""topic"": ""cover"", ""value"": ""Shelter damaged; new opening/noise/exposure"", ""source"": ""E388"", ""mode"": ""direct""}, {""topic"": ""cover"", ""value"": ""Shelter damaged; new opening/noise/exposure"", ""source"": ""E521"", ""mode"": ""direct""}]}","[130, 360.0]","[""E521""]",Failed V4 experimental outcome; not approved survivor lore.
P12-05,P12,,upper-SealedCellarCottage-split12,"[16.8797, 91.2934]",,False,Leave newly compromised shelter for a nearby known refuge after local disagreement,"Outside at the terminal clock, still following an interrupted journey. Bone had changed this person's movement, but no later completed intended hit reached them. The Mayor's fixed death ends this primary ledger; no cleanup event is inferred.","{""catastrophe"": ""direct: opaque daylight loss"", ""blood"": ""unknown"", ""bone"": ""unknown"", ""barrier"": 1, ""barrier_reports"": [], ""specific_deaths"": [], ""witch"": [], ""warnings"": [{""topic"": ""bell"", ""value"": ""Public emergency only"", ""source"": ""church bell"", ""mode"": ""heard""}, {""topic"": ""search"", ""value"": ""Visible thin blood probing the entrance; hiding may be compromised"", ""source"": ""search-SealedCellarCottage"", ""mode"": ""direct""}, {""topic"": ""search"", ""value"": ""A physically connected probe reacts visibly at this shelter; new arrival or increased pressure"", ""source"": ""search-SealedCellarCottage"", ""mode"": ""direct""}, {""topic"": ""cover"", ""value"": ""Shelter damaged; new opening/noise/exposure"", ""source"": ""E521"", ""mode"": ""direct""}]}","[266, 360.0]","[""E521""]",Failed V4 experimental outcome; not approved survivor lore.
P12-06,P12,,upper-SealedCellarCottage,"[-42.5649, 95.808]",SealedCellarCottage,False,Remaining occupants barricade and keep quiet; refusal to leave is ordinary fear,"At SealedCellarCottage, structural state 0. A probe reached this shelter; detection did not itself authorize a remote attack. No lethal executed attack intersected this person's final shelter/movement after their last relocation. The remaining roof/cover and separation from Blood's body retained protection.","{""catastrophe"": ""direct: opaque daylight loss"", ""blood"": ""unknown"", ""bone"": ""unknown"", ""barrier"": 1, ""barrier_reports"": [], ""specific_deaths"": [], ""witch"": [], ""warnings"": [{""topic"": ""bell"", ""value"": ""Public emergency only"", ""source"": ""church bell"", ""mode"": ""heard""}, {""topic"": ""search"", ""value"": ""Visible thin blood probing the entrance; hiding may be compromised"", ""source"": ""search-SealedCellarCottage"", ""mode"": ""direct""}, {""topic"": ""search"", ""value"": ""A physically connected probe reacts visibly at this shelter; new arrival or increased pressure"", ""source"": ""search-SealedCellarCottage"", ""mode"": ""direct""}]}",[],[],Failed V4 experimental outcome; not approved survivor lore.
P12-07,P12,,upper-Cottage_03,"[1.8053, 88.767]",Cottage_03,False,Leave newly compromised shelter for a nearby known refuge after local disagreement,"At Cottage_03, structural state 0. A probe reached this shelter; detection did not itself authorize a remote attack. No lethal executed attack intersected this person's final shelter/movement after their last relocation. The remaining roof/cover and separation from Blood's body retained protection.","{""catastrophe"": ""direct: opaque daylight loss"", ""blood"": ""unknown"", ""bone"": ""direct: precise local attack"", ""barrier"": 1, ""barrier_reports"": [], ""specific_deaths"": [""P13-01""], ""witch"": [], ""warnings"": [{""topic"": ""bell"", ""value"": ""Public emergency only"", ""source"": ""church bell"", ""mode"": ""heard""}, {""topic"": ""sound"", ""value"": ""Heavy impact and human cries nearby; exact victims unknown unless seen"", ""source"": ""E108"", ""mode"": ""heard""}, {""topic"": ""search"", ""value"": ""Visible thin blood probing the entrance; hiding may be compromised"", ""source"": ""search-Church"", ""mode"": ""direct""}, {""topic"": ""search"", ""value"": ""A physically connected probe reacts visibly at this shelter; new arrival or increased pressure"", ""source"": ""search-Church"", ""mode"": ""direct""}, {""topic"": ""cover"", ""value"": ""Shelter damaged; new opening/noise/exposure"", ""source"": ""E388"", ""mode"": ""direct""}]}","[130, 290]",[],Failed V4 experimental outcome; not approved survivor lore.
P12-08,P12,,upper-Cottage_03,"[1.8053, 88.767]",Cottage_03,False,Leave newly compromised shelter for a nearby known refuge after local disagreement,"At Cottage_03, structural state 0. A probe reached this shelter; detection did not itself authorize a remote attack. No lethal executed attack intersected this person's final shelter/movement after their last relocation. The remaining roof/cover and separation from Blood's body retained protection.","{""catastrophe"": ""direct: opaque daylight loss"", ""blood"": ""unknown"", ""bone"": ""direct: precise local attack"", ""barrier"": 1, ""barrier_reports"": [], ""specific_deaths"": [""P13-01""], ""witch"": [], ""warnings"": [{""topic"": ""bell"", ""value"": ""Public emergency only"", ""source"": ""church bell"", ""mode"": ""heard""}, {""topic"": ""sound"", ""value"": ""Heavy impact and human cries nearby; exact victims unknown unless seen"", ""source"": ""E108"", ""mode"": ""heard""}, {""topic"": ""search"", ""value"": ""Visible thin blood probing the entrance; hiding may be compromised"", ""source"": ""search-Church"", ""mode"": ""direct""}, {""topic"": ""search"", ""value"": ""A physically connected probe reacts visibly at this shelter; new arrival or increased pressure"", ""source"": ""search-Church"", ""mode"": ""direct""}, {""topic"": ""cover"", ""value"": ""Shelter damaged; new opening/noise/exposure"", ""source"": ""E388"", ""mode"": ""direct""}]}","[130, 290]",[],Failed V4 experimental outcome; not approved survivor lore.
P12-10,P12,,upper-Cottage_11,"[16.8797, 91.2934]",,False,Leave newly compromised shelter for a nearby known refuge after local disagreement,"Outside at the terminal clock, still following an interrupted journey. Bone had changed this person's movement, but no later completed intended hit reached them. The Mayor's fixed death ends this primary ledger; no cleanup event is inferred.","{""catastrophe"": ""direct: opaque daylight loss"", ""blood"": ""unknown"", ""bone"": ""direct: precise local attack"", ""barrier"": 1, ""barrier_reports"": [], ""specific_deaths"": [""P13-01""], ""witch"": [], ""warnings"": [{""topic"": ""bell"", ""value"": ""Public emergency only"", ""source"": ""church bell"", ""mode"": ""heard""}, {""topic"": ""search"", ""value"": ""Visible thin blood probing the entrance; hiding may be compromised"", ""source"": ""search-Cottage_11"", ""mode"": ""direct""}, {""topic"": ""search"", ""value"": ""A physically connected probe reacts visibly at this shelter; new arrival or increased pressure"", ""source"": ""search-Cottage_11"", ""mode"": ""direct""}, {""topic"": ""search"", ""value"": ""A physically connected probe reacts visibly at this shelter; new arrival or increased pressure"", ""source"": ""search-Cottage_11"", ""mode"": ""direct""}, {""topic"": ""injury"", ""value"": ""P12-14"", ""source"": ""E252"", ""mode"": ""direct""}, {""topic"": ""search"", ""value"": ""Visible thin blood probing the entrance; hiding may be compromised"", ""source"": ""search-Cottage_03"", ""mode"": ""direct""}, {""topic"": ""search"", ""value"": ""A physically connected probe reacts visibly at this shelter; new arrival or increased pressure"", ""source"": ""search-Cottage_03"", ""mode"": ""direct""}, {""topic"": ""cover"", ""value"": ""Shelter damaged; new opening/noise/exposure"", ""source"": ""E521"", ""mode"": ""direct""}]}","[184, 290, 360.0]","[""E521""]",Failed V4 experimental outcome; not approved survivor lore.
P12-11,P12,,upper-yards,"[-10.564, 91.4845]",UpperCottage,False,Stay silent and move behind intact inner cover after seeing the probe; outside danger is less understood,"At UpperCottage, structural state 0. A probe reached this shelter; detection did not itself authorize a remote attack. No lethal executed attack intersected this person's final shelter/movement after their last relocation. The remaining roof/cover and separation from Blood's body retained protection.","{""catastrophe"": ""direct: opaque daylight loss"", ""blood"": ""heard: indistinct impacts"", ""bone"": ""unknown"", ""barrier"": 1, ""barrier_reports"": [], ""specific_deaths"": [], ""witch"": [], ""warnings"": [{""topic"": ""sound"", ""value"": ""Heavy impact and human cries nearby; exact victims unknown unless seen"", ""source"": ""E044"", ""mode"": ""heard""}, {""topic"": ""bell"", ""value"": ""Public emergency only"", ""source"": ""church bell"", ""mode"": ""heard""}, {""topic"": ""search"", ""value"": ""Visible thin blood probing the entrance; hiding may be compromised"", ""source"": ""search-UpperCottage"", ""mode"": ""direct""}, {""topic"": ""search"", ""value"": ""A physically connected probe reacts visibly at this shelter; new arrival or increased pressure"", ""source"": ""search-UpperCottage"", ""mode"": ""direct""}, {""topic"": ""search"", ""value"": ""A physically connected probe reacts visibly at this shelter; new arrival or increased pressure"", ""source"": ""search-UpperCottage"", ""mode"": ""direct""}, {""topic"": ""search"", ""value"": ""A physically connected probe reacts visibly at this shelter; new arrival or increased pressure"", ""source"": ""search-UpperCottage"", ""mode"": ""direct""}, {""topic"": ""search"", ""value"": ""Visible thin blood probing the entrance; hiding may be compromised"", ""source"": ""search-UpperCottage"", ""mode"": ""direct""}]}",[90],[],Failed V4 experimental outcome; not approved survivor lore.
P12-12,P12,,upper-yards,"[-10.564, 91.4845]",UpperCottage,False,Stay silent and move behind intact inner cover after seeing the probe; outside danger is less understood,"At UpperCottage, structural state 0. A probe reached this shelter; detection did not itself authorize a remote attack. No lethal executed attack intersected this person's final shelter/movement after their last relocation. The remaining roof/cover and separation from Blood's body retained protection.","{""catastrophe"": ""direct: opaque daylight loss"", ""blood"": ""heard: indistinct impacts"", ""bone"": ""unknown"", ""barrier"": 1, ""barrier_reports"": [], ""specific_deaths"": [], ""witch"": [], ""warnings"": [{""topic"": ""sound"", ""value"": ""Heavy impact and human cries nearby; exact victims unknown unless seen"", ""source"": ""E044"", ""mode"": ""heard""}, {""topic"": ""bell"", ""value"": ""Public emergency only"", ""source"": ""church bell"", ""mode"": ""heard""}, {""topic"": ""search"", ""value"": ""Visible thin blood probing the entrance; hiding may be compromised"", ""source"": ""search-UpperCottage"", ""mode"": ""direct""}, {""topic"": ""search"", ""value"": ""A physically connected probe reacts visibly at this shelter; new arrival or increased pressure"", ""source"": ""search-UpperCottage"", ""mode"": ""direct""}, {""topic"": ""search"", ""value"": ""A physically connected probe reacts visibly at this shelter; new arrival or increased pressure"", ""source"": ""search-UpperCottage"", ""mode"": ""direct""}, {""topic"": ""search"", ""value"": ""A physically connected probe reacts visibly at this shelter; new arrival or increased pressure"", ""source"": ""search-UpperCottage"", ""mode"": ""direct""}, {""topic"": ""search"", ""value"": ""Visible thin blood probing the entrance; hiding may be compromised"", ""source"": ""search-UpperCottage"", ""mode"": ""direct""}]}",[90],[],Failed V4 experimental outcome; not approved survivor lore.
P12-13,P12,,upper-yards,"[-10.564, 91.4845]",UpperCottage,False,Stay silent and move behind intact inner cover after seeing the probe; outside danger is less understood,"At UpperCottage, structural state 0. A probe reached this shelter; detection did not itself authorize a remote attack. No lethal executed attack intersected this person's final shelter/movement after their last relocation. The remaining roof/cover and separation from Blood's body retained protection.","{""catastrophe"": ""direct: opaque daylight loss"", ""blood"": ""heard: indistinct impacts"", ""bone"": ""unknown"", ""barrier"": 1, ""barrier_reports"": [], ""specific_deaths"": [], ""witch"": [], ""warnings"": [{""topic"": ""sound"", ""value"": ""Heavy impact and human cries nearby; exact victims unknown unless seen"", ""source"": ""E044"", ""mode"": ""heard""}, {""topic"": ""bell"", ""value"": ""Public emergency only"", ""source"": ""church bell"", ""mode"": ""heard""}, {""topic"": ""search"", ""value"": ""Visible thin blood probing the entrance; hiding may be compromised"", ""source"": ""search-UpperCottage"", ""mode"": ""direct""}, {""topic"": ""search"", ""value"": ""A physically connected probe reacts visibly at this shelter; new arrival or increased pressure"", ""source"": ""search-UpperCottage"", ""mode"": ""direct""}, {""topic"": ""search"", ""value"": ""A physically connected probe reacts visibly at this shelter; new arrival or increased pressure"", ""source"": ""search-UpperCottage"", ""mode"": ""direct""}, {""topic"": ""search"", ""value"": ""A physically connected probe reacts visibly at this shelter; new arrival or increased pressure"", ""source"": ""search-UpperCottage"", ""mode"": ""direct""}, {""topic"": ""search"", ""value"": ""Visible thin blood probing the entrance; hiding may be compromised"", ""source"": ""search-UpperCottage"", ""mode"": ""direct""}]}",[90],[],Failed V4 experimental outcome; not approved survivor lore.
P14-05,P14,,edge-animal-split15,"[11.8317, 95.6105]",,False,Leave newly compromised shelter for a nearby known refuge after local disagreement,"Outside at the terminal clock, still following an interrupted journey. Bone had changed this person's movement, but no later completed intended hit reached them. The Mayor's fixed death ends this primary ledger; no cleanup event is inferred.","{""catastrophe"": ""direct: opaque daylight loss"", ""blood"": ""heard: cries in settlement"", ""bone"": ""direct: precise local attack"", ""barrier"": 1, ""barrier_reports"": [], ""specific_deaths"": [""P14-06""], ""witch"": [], ""warnings"": [{""topic"": ""sound"", ""value"": ""Heavy impact and human cries nearby; exact victims unknown unless seen"", ""source"": ""E044"", ""mode"": ""heard""}, {""topic"": ""bell"", ""value"": ""Public emergency only"", ""source"": ""church bell"", ""mode"": ""heard""}, {""topic"": ""search"", ""value"": ""Visible thin blood probing the entrance; hiding may be compromised"", ""source"": ""search-Cottage_08"", ""mode"": ""direct""}, {""topic"": ""search"", ""value"": ""A physically connected probe reacts visibly at this shelter; new arrival or increased pressure"", ""source"": ""search-Cottage_08"", ""mode"": ""direct""}, {""topic"": ""search"", ""value"": ""A physically connected probe reacts visibly at this shelter; new arrival or increased pressure"", ""source"": ""search-Cottage_08"", ""mode"": ""direct""}, {""topic"": ""cover"", ""value"": ""Shelter damaged; new opening/noise/exposure"", ""source"": ""E456"", ""mode"": ""direct""}, {""topic"": ""cover"", ""value"": ""Shelter damaged; new opening/noise/exposure"", ""source"": ""E521"", ""mode"": ""direct""}]}","[90, 318.0, 360.0]","[""E456"", ""E521""]",Failed V4 experimental outcome; not approved survivor lore.
P14-07,P14,,edge-animal,"[61.0, 89.0]",,False,Remaining workers abandon unsafe rescue and seek room beyond the house,"Outside at the terminal clock, holding at the last chosen local cover/waypoint. Direct boundary experience discouraged another crossing. Bone had changed this person's movement, but no later completed intended hit reached them. The Mayor's fixed death ends this primary ledger; no cleanup event is inferred.","{""catastrophe"": ""direct: opaque daylight loss"", ""blood"": ""direct: overwhelming local strike"", ""bone"": ""direct: precise local attack"", ""barrier"": 4, ""barrier_reports"": [], ""specific_deaths"": [""P06-07"", ""P14-06"", ""P10-01"", ""P06-06"", ""P10-02""], ""witch"": [], ""warnings"": [{""topic"": ""sound"", ""value"": ""Heavy impact and human cries nearby; exact victims unknown unless seen"", ""source"": ""E044"", ""mode"": ""heard""}, {""topic"": ""bell"", ""value"": ""Public emergency only"", ""source"": ""church bell"", ""mode"": ""heard""}, {""topic"": ""search"", ""value"": ""Visible thin blood probing the entrance; hiding may be compromised"", ""source"": ""search-Cottage_08"", ""mode"": ""direct""}, {""topic"": ""search"", ""value"": ""A physically connected probe reacts visibly at this shelter; new arrival or increased pressure"", ""source"": ""search-Cottage_08"", ""mode"": ""direct""}, {""topic"": ""search"", ""value"": ""A physically connected probe reacts visibly at this shelter; new arrival or increased pressure"", ""source"": ""search-Cottage_08"", ""mode"": ""direct""}, {""topic"": ""cover"", ""value"": ""Shelter damaged; new opening/noise/exposure"", ""source"": ""E456"", ""mode"": ""direct""}, {""topic"": ""sound"", ""value"": ""Heavy impact and human cries nearby; exact victims unknown unless seen"", ""source"": ""E483"", ""mode"": ""heard""}, {""topic"": ""sound"", ""value"": ""Heavy impact and human cries nearby; exact victims unknown unless seen"", ""source"": ""E524"", ""mode"": ""heard""}]}","[90, 324.0]","[""Bone C08 protector attack""]",Failed V4 experimental outcome; not approved survivor lore.
P15-02,P15,M11,foresters-split14,"[11.8317, 95.6105]",,False,Leave newly compromised shelter for a nearby known refuge after local disagreement,"Outside at the terminal clock, still following an interrupted journey. Direct boundary experience discouraged another crossing. Bone had changed this person's movement, but no later completed intended hit reached them. The Mayor's fixed death ends this primary ledger; no cleanup event is inferred.","{""catastrophe"": ""direct: opaque daylight loss"", ""blood"": ""heard: distant crash"", ""bone"": ""direct: precise local attack"", ""barrier"": 4, ""barrier_reports"": [], ""specific_deaths"": [""P14-03"", ""P15-01""], ""witch"": [], ""warnings"": [{""topic"": ""sound"", ""value"": ""Heavy impact and human cries nearby; exact victims unknown unless seen"", ""source"": ""E044"", ""mode"": ""heard""}, {""topic"": ""bell"", ""value"": ""Public emergency only"", ""source"": ""church bell"", ""mode"": ""heard""}, {""topic"": ""sound"", ""value"": ""Heavy impact and human cries nearby; exact victims unknown unless seen"", ""source"": ""E069"", ""mode"": ""heard""}, {""topic"": ""search"", ""value"": ""Visible thin blood probing the entrance; hiding may be compromised"", ""source"": ""search-EndRowCottage"", ""mode"": ""direct""}, {""topic"": ""search"", ""value"": ""A physically connected probe reacts visibly at this shelter; new arrival or increased pressure"", ""source"": ""search-EndRowCottage"", ""mode"": ""direct""}, {""topic"": ""sound"", ""value"": ""Heavy impact and human cries nearby; exact victims unknown unless seen"", ""source"": ""E483"", ""mode"": ""heard""}, {""topic"": ""cover"", ""value"": ""Shelter damaged; new opening/noise/exposure"", ""source"": ""E521"", ""mode"": ""direct""}]}","[90, 116, 130, 151, 312.0, 360.0]","[""E521""]",Failed V4 experimental outcome; not approved survivor lore.
P15-03,P15,M11,foresters,"[-48.8175, 77.1379]",EndRowCottage,False,Remaining occupants barricade and keep quiet; refusal to leave is ordinary fear,"At EndRowCottage, structural state 0. A probe reached this shelter; detection did not itself authorize a remote attack. No lethal executed attack intersected this person's final shelter/movement after their last relocation. The remaining roof/cover and separation from Blood's body retained protection.","{""catastrophe"": ""direct: opaque daylight loss"", ""blood"": ""heard: distant crash"", ""bone"": ""unknown"", ""barrier"": 4, ""barrier_reports"": [], ""specific_deaths"": [""P15-01""], ""witch"": [], ""warnings"": [{""topic"": ""sound"", ""value"": ""Heavy impact and human cries nearby; exact victims unknown unless seen"", ""source"": ""E044"", ""mode"": ""heard""}, {""topic"": ""bell"", ""value"": ""Public emergency only"", ""source"": ""church bell"", ""mode"": ""heard""}, {""topic"": ""sound"", ""value"": ""Heavy impact and human cries nearby; exact victims unknown unless seen"", ""source"": ""E069"", ""mode"": ""heard""}, {""topic"": ""search"", ""value"": ""Visible thin blood probing the entrance; hiding may be compromised"", ""source"": ""search-EndRowCottage"", ""mode"": ""direct""}, {""topic"": ""search"", ""value"": ""A physically connected probe reacts visibly at this shelter; new arrival or increased pressure"", ""source"": ""search-EndRowCottage"", ""mode"": ""direct""}]}","[90, 116, 130, 151]",[],Failed V4 experimental outcome; not approved survivor lore.
P16-04,P16,,house-guard,"[-10.0, 136.0]",,False,House guard withdraws to service workers after Mayor is secured; fear replaces ability to protect authority,"Outside at the terminal clock, holding at the last chosen local cover/waypoint. The Mayor's fixed death ends this primary ledger; no cleanup event is inferred. Estate workers/house guard moved on local crisis information; neither creation executed an attack on their final service-side position.","{""catastrophe"": ""direct: opaque daylight loss"", ""blood"": ""unknown"", ""bone"": ""unknown"", ""barrier"": 1, ""barrier_reports"": [], ""specific_deaths"": [], ""witch"": [], ""warnings"": []}",[306.0005409542496],[],Failed V4 experimental outcome; not approved survivor lore.
P16-05,P16,,estate-staff,"[-9.0, 136.0]",,False,Domestic staff approach nearby injured workers to offer help; they have only local service-yard knowledge,"Outside at the terminal clock, holding at the last chosen local cover/waypoint. The Mayor's fixed death ends this primary ledger; no cleanup event is inferred. Estate workers/house guard moved on local crisis information; neither creation executed an attack on their final service-side position.","{""catastrophe"": ""direct: opaque daylight loss"", ""blood"": ""unknown"", ""bone"": ""unknown"", ""barrier"": 1, ""barrier_reports"": [], ""specific_deaths"": [], ""witch"": [], ""warnings"": []}",[262],[],Failed V4 experimental outcome; not approved survivor lore.
P16-06,P16,,estate-staff,"[-9.0, 136.0]",,False,Domestic staff approach nearby injured workers to offer help; they have only local service-yard knowledge,"Outside at the terminal clock, holding at the last chosen local cover/waypoint. The Mayor's fixed death ends this primary ledger; no cleanup event is inferred. Estate workers/house guard moved on local crisis information; neither creation executed an attack on their final service-side position.","{""catastrophe"": ""direct: opaque daylight loss"", ""blood"": ""unknown"", ""bone"": ""unknown"", ""barrier"": 1, ""barrier_reports"": [], ""specific_deaths"": [], ""witch"": [], ""warnings"": []}",[262],[],Failed V4 experimental outcome; not approved survivor lore.
P16-07,P16,,estate-staff,"[-9.0, 136.0]",,False,Domestic staff approach nearby injured workers to offer help; they have only local service-yard knowledge,"Outside at the terminal clock, holding at the last chosen local cover/waypoint. The Mayor's fixed death ends this primary ledger; no cleanup event is inferred. Estate workers/house guard moved on local crisis information; neither creation executed an attack on their final service-side position.","{""catastrophe"": ""direct: opaque daylight loss"", ""blood"": ""unknown"", ""bone"": ""unknown"", ""barrier"": 1, ""barrier_reports"": [], ""specific_deaths"": [], ""witch"": [], ""warnings"": []}",[262],[],Failed V4 experimental outcome; not approved survivor lore.
P16-08,P16,,stable-staff,"[-11.0, 136.0]",,False,Stable worker supports injured helper,"Outside at the terminal clock, holding at the last chosen local cover/waypoint. Bone had changed this person's movement, but no later completed intended hit reached them. The Mayor's fixed death ends this primary ledger; no cleanup event is inferred. Estate workers/house guard moved on local crisis information; neither creation executed an attack on their final service-side position.","{""catastrophe"": ""direct: opaque daylight loss"", ""blood"": ""unknown"", ""bone"": ""direct: precise local attack"", ""barrier"": 1, ""barrier_reports"": [], ""specific_deaths"": [""P16-03"", ""P16-02""], ""witch"": [], ""warnings"": [{""topic"": ""bell"", ""value"": ""Public emergency only"", ""source"": ""church bell"", ""mode"": ""heard""}, {""topic"": ""sound"", ""value"": ""Heavy impact and human cries nearby; exact victims unknown unless seen"", ""source"": ""E177"", ""mode"": ""heard""}, {""topic"": ""injury"", ""value"": ""P17-02"", ""source"": ""E339"", ""mode"": ""direct""}]}","[254, 262]","[""Bone service-yard injury""]",Failed V4 experimental outcome; not approved survivor lore.
P17-02,P17,M12,delivery-helper,"[-11.0, 136.0]",,True,Wounded helper tries to get behind stable-side cover with assistance,"Outside at the terminal clock, holding at the last chosen local cover/waypoint. Bone had changed this person's movement, but no later completed intended hit reached them. The Mayor's fixed death ends this primary ledger; no cleanup event is inferred. Estate workers/house guard moved on local crisis information; neither creation executed an attack on their final service-side position.","{""catastrophe"": ""direct: opaque daylight loss"", ""blood"": ""unknown"", ""bone"": ""direct: precise local attack"", ""barrier"": 2, ""barrier_reports"": [], ""specific_deaths"": [""P16-03"", ""P16-02""], ""witch"": [], ""warnings"": [{""topic"": ""bell"", ""value"": ""Public emergency only"", ""source"": ""church bell"", ""mode"": ""heard""}, {""topic"": ""sound"", ""value"": ""Heavy impact and human cries nearby; exact victims unknown unless seen"", ""source"": ""E177"", ""mode"": ""heard""}, {""topic"": ""sound"", ""value"": ""Heavy impact and human cries nearby; exact victims unknown unless seen"", ""source"": ""E203"", ""mode"": ""heard""}, {""topic"": ""injury"", ""value"": ""P17-02"", ""source"": ""E339"", ""mode"": ""direct""}]}","[146, 254, 262]","[""Bone service-yard injury""]",Failed V4 experimental outcome; not approved survivor lore.
